date,BTC,LTC,DASH,XLM,XMR,XRP
2015-01-01,314.89,2.69,1.6,0.005493,0.4657600000000001,0.024390000000000002
2015-01-02,315.21,2.66,1.72,0.005481000000000001,0.45913699999999996,0.024318
2015-01-03,287.13,2.18,1.72,0.004672,0.461172,0.022106
2015-01-04,264.72,1.95,1.72,0.004416,0.417234,0.018928
2015-01-05,274.84,2.11,1.6,0.004947,0.421412,0.020316
2015-01-06,282.27,2.1,1.6,0.004972,0.461609,0.020732
2015-01-07,291.34,2.11,1.6,0.0052840000000000005,0.463607,0.020843
2015-01-08,282.69,2.0,1.6,0.005567,0.429175,0.020676
2015-01-09,287.97,1.98,1.6,0.005622,0.4318010000000001,0.020576
2015-01-10,273.35,1.63,1.6,0.00518,0.419216,0.019233
2015-01-11,264.77,1.66,1.5,0.005062,0.37874800000000003,0.018765
2015-01-12,269.33,1.73,1.5,0.004903,0.364316,0.018434
2015-01-13,221.29,1.54,1.5,0.004053,0.309479,0.015648
2015-01-14,164.92,1.12,1.5,0.004318,0.22352199999999997,0.014233
2015-01-15,209.78,1.29,1.5,0.005013,0.261714,0.016444
2015-01-16,206.92,1.4,1.5,0.004458,0.278449,0.016403
2015-01-17,199.65,1.28,1.5,0.0046170000000000004,0.2480570000000001,0.015361000000000001
2015-01-18,210.62,1.32,1.5,0.004739,0.258656,0.015622
2015-01-19,215.87,1.33,1.5,0.004829,0.254181,0.015991
2015-01-20,210.55,1.31,1.5,0.004743,0.236223,0.016112
2015-01-21,228.17,1.36,1.11,0.005054,0.261268,0.016653
2015-01-22,232.7,1.41,1.11,0.004914,0.273442,0.01701
2015-01-23,232.17,1.43,1.11,0.004881,0.283141,0.016734
2015-01-24,248.16,1.86,1.11,0.005038,0.298369,0.016736
2015-01-25,252.09,2.22,1.8,0.00479,0.310227,0.016578
2015-01-26,269.18,2.06,1.8,0.0047090000000000005,0.317078,0.016019
2015-01-27,263.27,2.08,1.8,0.004816,0.320371,0.015841
2015-01-28,236.17,1.93,1.9,0.004895,0.290979,0.014969999999999999
2015-01-29,233.99,1.89,1.9,0.004556,0.309911,0.014706
2015-01-30,231.84,1.92,1.9,0.004462,0.294018,0.014443000000000001
2015-01-31,218.51,1.88,1.9,0.004334,0.28436300000000003,0.014297999999999996
2015-02-01,225.29,1.84,1.9,0.004142,0.299954,0.014138999999999999
2015-02-02,238.86,1.78,1.9,0.00418,0.301242,0.013669999999999998
2015-02-03,227.41,1.83,1.9,0.00375,0.288734,0.013025
2015-02-04,226.58,1.8,1.33,0.0037649999999999997,0.289486,0.013498
2015-02-05,216.52,1.74,1.89,0.004001,0.272273,0.014466
2015-02-06,222.96,1.79,1.89,0.003825,0.27077199999999996,0.015184999999999999
2015-02-07,227.68,1.8,2.0,0.003825,0.275702,0.014577000000000001
2015-02-08,223.67,1.78,2.0,0.0037329999999999998,0.265034,0.014426
2015-02-09,220.34,1.73,2.0,0.003639,0.251738,0.013994
2015-02-10,219.67,1.76,2.0,0.0035549999999999996,0.244719,0.013649000000000001
2015-02-11,218.83,1.73,2.7,0.003515,0.23149699999999998,0.013775999999999998
2015-02-12,221.79,1.75,2.7,0.003423,0.246741,0.014039
2015-02-13,236.17,1.82,2.7,0.003582,0.255641,0.014565999999999999
2015-02-14,258.64,1.96,1.7,0.003709000000000001,0.28032199999999996,0.014956
2015-02-15,233.27,1.83,1.7,0.003285,0.25138,0.013712
2015-02-16,235.83,1.8,1.7,0.0033009999999999997,0.251039,0.01375
2015-02-17,243.2,1.85,10.0,0.0033590000000000004,0.253231,0.014031
2015-02-18,235.2,1.81,10.0,0.00316,0.248507,0.013791
2015-02-19,241.92,1.85,2.5,0.003222,0.28279099999999996,0.013758000000000001
2015-02-20,244.52,1.84,1.7,0.003222,0.30567300000000003,0.013481
2015-02-21,244.41,1.84,1.7,0.003198,0.302557,0.013286000000000001
2015-02-22,235.73,1.79,1.7,0.002822,0.313139,0.013130000000000001
2015-02-23,238.82,1.81,1.7,0.0031079999999999997,0.337887,0.013334
2015-02-24,238.89,1.82,2.9,0.0031219999999999998,0.340267,0.013396000000000002
2015-02-25,237.33,1.8,2.9,0.003165,0.365243,0.013401
2015-02-26,236.53,1.81,2.9,0.003117,0.357721,0.013299
2015-02-27,253.47,1.84,3.68,0.003159,0.381008,0.013359999999999999
2015-02-28,254.06,1.84,3.0,0.0030489999999999996,0.427227,0.012998
2015-03-01,257.94,1.87,3.0,0.002781,0.42602799999999996,0.012239
2015-03-02,273.75,1.92,1.7,0.003003,0.42843400000000004,0.012192
2015-03-03,280.65,1.94,3.5,0.002863,0.41507799999999995,0.010593
2015-03-04,271.92,1.93,3.5,0.002888,0.4131510000000001,0.010032
2015-03-05,275.23,1.91,3.5,0.0029920000000000003,0.46962600000000004,0.011544
2015-03-06,272.56,1.89,3.5,0.0029519999999999998,0.4860390000000001,0.010856000000000001
2015-03-07,274.91,1.91,3.5,0.002947,0.457321,0.010535
2015-03-08,274.49,1.89,1.95,0.0029579999999999997,0.484062,0.009961
2015-03-09,290.02,1.94,3.36,0.002912,0.63489,0.010643000000000001
2015-03-10,291.37,2.01,3.53,0.002935,0.7918430000000001,0.010086
2015-03-11,295.6,2.02,2.3,0.00293,0.7157819999999999,0.010229
2015-03-12,293.85,2.04,2.3,0.0031,0.684608,0.010359
2015-03-13,287.21,2.01,4.0,0.0029690000000000003,0.644822,0.010511
2015-03-14,281.6,1.99,2.3,0.002968,0.676167,0.011087999999999999
2015-03-15,284.88,2.01,2.3,0.003002,0.69425,0.010817
2015-03-16,290.41,2.03,2.3,0.003144,0.8059430000000001,0.010968
2015-03-17,285.38,1.99,2.3,0.003,0.752221,0.010929000000000001
2015-03-18,255.92,1.74,4.0,0.002666,0.638029,0.010575
2015-03-19,260.93,1.75,3.5,0.002817,0.6773819999999999,0.01048
2015-03-20,261.78,1.76,3.5,0.002796,0.633158,0.010445999999999999
2015-03-21,259.71,1.74,4.0,0.002991,0.743222,0.010182
2015-03-22,268.57,1.79,5.99,0.003193,0.777347,0.010196
2015-03-23,265.46,1.77,3.3,0.003193,0.766353,0.010309
2015-03-24,246.72,1.64,3.3,0.002943,0.711852,0.009757
2015-03-25,246.37,1.66,5.16,0.002934,0.767497,0.009115
2015-03-26,248.02,1.69,4.95,0.00294,0.746328,0.008764
2015-03-27,247.21,1.68,4.78,0.003078,0.777714,0.008895
2015-03-28,252.02,1.7,5.1,0.0029579999999999997,0.795417,0.008851000000000001
2015-03-29,242.08,1.65,4.8,0.003046,0.7121529999999999,0.008498
2015-03-30,246.79,1.67,4.5,0.002735,0.853188,0.008453
2015-03-31,244.15,1.65,4.16,0.002816,0.9070590000000001,0.007772
2015-04-01,246.24,1.66,3.82,0.002803,1.01,0.007668
2015-04-02,252.6,1.68,4.41,0.002664,0.96926,0.007906
2015-04-03,254.48,1.69,4.35,0.002768,0.9522450000000001,0.00872
2015-04-04,252.89,1.67,4.33,0.0026899999999999997,0.85929,0.008844
2015-04-05,259.64,1.67,4.12,0.002666,0.8837309999999999,0.008739
2015-04-06,254.97,1.64,4.13,0.002589,0.789463,0.008786
2015-04-07,252.97,1.67,3.75,0.0026899999999999997,0.8333020000000001,0.009071
2015-04-08,244.57,1.62,3.81,0.002709,0.755192,0.009198
2015-04-09,243.32,1.58,3.42,0.002649,0.758207,0.00878
2015-04-10,234.73,1.52,3.52,0.002637,0.800381,0.008512
2015-04-11,236.48,1.45,3.47,0.00277,0.827207,0.0083
2015-04-12,235.85,1.46,3.66,0.002796,0.800135,0.00861
2015-04-13,223.59,1.36,3.41,0.002732,0.6917409999999999,0.008194
2015-04-14,217.99,1.38,2.4,0.002656,0.656934,0.008159
2015-04-15,222.97,1.38,2.41,0.0026550000000000002,0.673307,0.007949
2015-04-16,227.98,1.41,5.9,0.0027649999999999997,0.678599,0.00801
2015-04-17,222.59,1.4,2.42,0.0026969999999999997,0.658304,0.008025
2015-04-18,223.35,1.39,2.42,0.002742,0.694249,0.0079
2015-04-19,223.02,1.38,2.41,0.0026850000000000003,0.662209,0.007845999999999999
2015-04-20,224.24,1.39,2.41,0.002696,0.678942,0.007932
2015-04-21,233.73,1.42,2.41,0.002758,0.632725,0.007968000000000001
2015-04-22,233.78,1.46,2.41,0.002698,0.576331,0.008025
2015-04-23,235.4,1.45,3.7,0.0027489999999999997,0.603233,0.008019
2015-04-24,231.09,1.42,3.3,0.0026579999999999998,0.569937,0.008076999999999999
2015-04-25,226.14,1.39,3.15,0.002657,0.5647399999999999,0.008291
2015-04-26,218.7,1.32,3.05,0.00264,0.556385,0.00774
2015-04-27,228.96,1.38,3.03,0.0026920000000000004,0.566088,0.007765
2015-04-28,225.81,1.36,2.95,0.00263,0.47931,0.00763
2015-04-29,225.42,1.36,2.97,0.002575,0.491526,0.007863
2015-04-30,235.77,1.43,3.0,0.002732,0.501179,0.008029000000000001
2015-05-01,233.21,1.41,2.83,0.002647,0.49999799999999994,0.008018
2015-05-02,235.34,1.41,2.87,0.002696,0.4975770000000001,0.008037
2015-05-03,239.99,1.43,2.72,0.002677,0.499079,0.008055
2015-05-04,238.97,1.41,2.85,0.0030210000000000002,0.4678890000000001,0.008017
2015-05-05,235.82,1.4,2.85,0.002691,0.471166,0.007909999999999999
2015-05-06,230.03,1.39,2.9,0.002757,0.45825699999999997,0.007781999999999998
2015-05-07,237.73,1.46,2.75,0.0027719999999999997,0.473934,0.007529000000000002
2015-05-08,243.74,1.47,2.82,0.002926,0.490568,0.0074909999999999985
2015-05-09,241.4,1.44,2.7,0.002873,0.5136930000000001,0.007573999999999998
2015-05-10,239.96,1.43,2.75,0.002793,0.565103,0.007382
2015-05-11,241.81,1.44,2.65,0.0029690000000000003,0.511342,0.0073599999999999985
2015-05-12,241.58,1.44,2.8,0.00281,0.477612,0.007213
2015-05-13,236.38,1.44,2.7,0.00281,0.483207,0.006856999999999999
2015-05-14,236.9,1.44,2.9,0.0028469999999999997,0.4955479999999999,0.006601999999999999
2015-05-15,237.2,1.45,3.0,0.002878,0.5449649999999999,0.0066549999999999995
2015-05-16,236.23,1.45,3.05,0.0025989999999999997,0.595673,0.006587999999999999
2015-05-17,236.3,1.45,1.38,0.002576,0.5572159999999999,0.0063289999999999996
2015-05-18,232.64,1.44,2.9,0.00251,0.5357729999999999,0.005748
2015-05-19,232.02,1.45,2.8,0.002652,0.51466,0.006539
2015-05-20,233.96,1.45,2.95,0.002722,0.492917,0.0066359999999999995
2015-05-21,235.38,1.47,2.8,0.0027649999999999997,0.46295600000000003,0.006573000000000001
2015-05-22,240.37,1.83,2.95,0.003046,0.460764,0.0066489999999999995
2015-05-23,238.94,1.78,2.85,0.0030280000000000003,0.470987,0.0068
2015-05-24,240.98,1.81,2.85,0.003121,0.479603,0.006809
2015-05-25,237.41,1.8,2.77,0.003179,0.463606,0.006925
2015-05-26,237.84,1.81,2.6,0.003204,0.446883,0.006794
2015-05-27,237.29,1.84,2.8,0.003167,0.421971,0.0069370000000000005
2015-05-28,237.32,1.83,2.88,0.0036090000000000002,0.443637,0.007857
2015-05-29,237.03,1.82,2.72,0.00361,0.43987200000000004,0.009056
2015-05-30,233.22,1.8,2.9,0.0032189999999999996,0.445107,0.008409
2015-05-31,229.84,1.63,2.88,0.003386,0.45088900000000004,0.00829
2015-06-01,223.14,1.61,2.71,0.003073,0.45161899999999994,0.0075790000000000015
2015-06-02,225.74,1.66,2.82,0.0032159999999999997,0.455539,0.007981
2015-06-03,225.59,1.67,2.79,0.00303,0.4534760000000001,0.008012
2015-06-04,224.22,1.66,2.84,0.0031550000000000003,0.476494,0.007879
2015-06-05,225.29,1.74,2.82,0.0031550000000000003,0.498892,0.007956
2015-06-06,224.74,1.75,2.79,0.003135,0.526428,0.007905
2015-06-07,223.47,1.73,2.79,0.003088,0.517933,0.007873999999999999
2015-06-08,228.57,1.78,2.94,0.0031260000000000003,0.542956,0.008
2015-06-09,229.56,1.8,2.8,0.003218,0.49599099999999996,0.007995
2015-06-10,228.79,1.75,2.8,0.0031609999999999997,0.479738,0.007999
2015-06-11,229.88,1.79,2.7,0.003104,0.46285200000000004,0.008042
2015-06-12,230.46,1.8,2.8,0.0030859999999999998,0.470966,0.008057
2015-06-13,232.48,1.85,2.87,0.0032310000000000004,0.489472,0.008093000000000001
2015-06-14,233.75,1.99,2.72,0.003261,0.49496999999999997,0.008147
2015-06-15,237.0,2.01,2.69,0.0034649999999999998,0.508224,0.008579
2015-06-16,249.82,2.83,2.97,0.0037479999999999996,0.5060859999999999,0.009424
2015-06-17,247.38,2.85,3.16,0.0036,0.50334,0.009678
2015-06-18,248.44,3.09,2.9,0.0037359999999999997,0.50388,0.010251999999999999
2015-06-19,244.13,2.81,2.91,0.0037240000000000003,0.511796,0.011207
2015-06-20,244.98,3.04,2.94,0.003658,0.53798,0.011039
2015-06-21,244.1,3.01,2.91,0.0035259999999999996,0.523274,0.010314
2015-06-22,247.46,3.02,2.83,0.003682,0.5405989999999999,0.010567
2015-06-23,243.76,2.96,2.92,0.003508,0.526921,0.010667
2015-06-24,240.56,2.8,2.84,0.003436,0.506506,0.010914
2015-06-25,242.56,2.84,2.87,0.0034770000000000005,0.503678,0.011048
2015-06-26,242.95,2.86,2.88,0.003407,0.48424700000000004,0.011288
2015-06-27,250.73,3.08,2.92,0.003554,0.491951,0.011445
2015-06-28,248.88,3.04,2.8,0.003435,0.47063599999999994,0.011467
2015-06-29,256.97,3.76,2.71,0.003503,0.493447,0.011977
2015-06-30,264.12,4.1,2.85,0.0034700000000000004,0.500266,0.01132
2015-07-01,257.62,3.96,2.8,0.0034579999999999997,0.49884799999999996,0.011198
2015-07-02,254.88,4.07,2.85,0.003401,0.492605,0.011037
2015-07-03,255.4,4.09,2.9,0.0032649999999999997,0.491196,0.011099
2015-07-04,260.55,4.1,3.08,0.003195,0.507361,0.010782
2015-07-05,270.14,4.77,2.95,0.0031219999999999998,0.5219689999999999,0.010022
2015-07-06,269.08,5.32,3.19,0.003228,0.5055069999999999,0.009873
2015-07-07,266.21,5.33,3.19,0.003141,0.512376,0.00958
2015-07-08,268.64,6.09,2.91,0.003214,0.51399,0.009448999999999999
2015-07-09,269.14,7.6,2.91,0.003059,0.497226,0.008987
2015-07-10,283.62,4.26,3.75,0.0031149999999999997,0.520876,0.008847
2015-07-11,291.97,4.28,3.8,0.003081,0.539175,0.008615000000000001
2015-07-12,310.44,5.18,4.47,0.003184,0.6280939999999999,0.008614
2015-07-13,290.35,4.54,3.53,0.0032189999999999996,0.572132,0.008569
2015-07-14,286.96,4.54,3.5,0.003077,0.570033,0.008631
2015-07-15,283.42,4.11,3.71,0.003003,0.541855,0.008516
2015-07-16,276.59,3.6,3.39,0.0028309999999999997,0.536325,0.008062
2015-07-17,279.62,3.74,3.35,0.002853,0.5351819999999999,0.008026
2015-07-18,274.05,3.88,3.53,0.0028989999999999997,0.523595,0.00806
2015-07-19,273.18,3.6,3.71,0.0028699999999999997,0.537989,0.008091
2015-07-20,277.68,3.87,3.63,0.002986,0.547709,0.007948
2015-07-21,275.09,3.7,3.83,0.0030670000000000003,0.5875779999999999,0.007711
2015-07-22,276.46,3.78,3.75,0.003118,0.5734199999999999,0.0075790000000000015
2015-07-23,275.52,3.75,3.75,0.003037,0.570335,0.0074870000000000015
2015-07-24,288.37,4.6,3.74,0.003094,0.576016,0.0076560000000000005
2015-07-25,288.74,4.59,3.82,0.00294,0.5660029999999999,0.007888
2015-07-26,291.77,4.57,3.83,0.003016,0.584723,0.008115
2015-07-27,293.01,4.59,3.54,0.002945,0.59605,0.008562
2015-07-28,293.7,4.98,3.7,0.002727,0.615015,0.008449
2015-07-29,288.37,4.73,3.65,0.002823,0.589967,0.008519
2015-07-30,287.02,4.53,3.63,0.002811,0.583228,0.008491
2015-07-31,283.73,4.56,3.65,0.002644,0.574956,0.008437
2015-08-01,280.47,4.19,3.65,0.0026420000000000003,0.588741,0.008222
2015-08-02,281.36,4.14,3.7,0.002725,0.624904,0.00823
2015-08-03,281.58,4.19,3.59,0.0026309999999999997,0.5958180000000001,0.008281
2015-08-04,284.3,4.34,3.83,0.0026320000000000002,0.618406,0.008270999999999999
2015-08-05,281.72,4.3,3.72,0.002634,0.6186159999999999,0.008223999999999999
2015-08-06,278.0,4.01,3.53,0.0025239999999999998,0.729102,0.008024
2015-08-07,277.89,4.1,3.35,0.002432,0.742292,0.008152
2015-08-08,258.6,3.77,3.19,0.002419,0.676046,0.008476000000000001
2015-08-09,263.87,3.87,3.13,0.002345,0.674739,0.008808
2015-08-10,263.3,3.88,3.12,0.002466,0.656576,0.00875
2015-08-11,269.03,4.08,3.3,0.002398,0.603582,0.008591
2015-08-12,267.66,3.98,3.15,0.00238,0.622923,0.008270999999999999
2015-08-13,263.44,3.85,3.15,0.002264,0.575855,0.008147
2015-08-14,265.03,3.99,3.15,0.002314,0.6099060000000001,0.008337
2015-08-15,260.52,3.9,3.15,0.00227,0.613236,0.00842
2015-08-16,257.12,3.95,3.02,0.002135,0.620167,0.008315000000000001
2015-08-17,257.13,3.97,3.05,0.00217,0.610122,0.008301000000000001
2015-08-18,246.72,3.82,3.05,0.0018780000000000001,0.493284,0.007552
2015-08-19,226.0,3.4,2.67,0.0018100000000000002,0.534101,0.007758
2015-08-20,234.66,3.57,2.81,0.00203,0.597797,0.007872
2015-08-21,232.4,3.54,2.84,0.001995,0.568307,0.007881
2015-08-22,229.54,3.48,2.89,0.002001,0.553084,0.007722
2015-08-23,226.75,3.35,2.75,0.001959,0.544585,0.007552
2015-08-24,211.43,2.92,2.5,0.0018920000000000002,0.434871,0.007397
2015-08-25,220.51,2.93,2.79,0.001855,0.49028599999999994,0.007126
2015-08-26,224.97,2.92,2.51,0.0020350000000000004,0.496679,0.007492
2015-08-27,222.73,2.8,2.67,0.0020050000000000003,0.465475,0.007551
2015-08-28,231.64,2.86,2.51,0.0023539999999999998,0.481627,0.007432999999999999
2015-08-29,228.5,2.85,2.56,0.002577,0.47655,0.007751000000000002
2015-08-30,228.4,2.79,2.57,0.002363,0.459009,0.00805
2015-08-31,229.47,2.82,2.57,0.002479,0.467238,0.007884
2015-09-01,227.18,2.79,2.64,0.002435,0.458517,0.007815
2015-09-02,228.63,2.78,2.56,0.0024230000000000002,0.46808299999999997,0.0077
2015-09-03,226.2,2.59,2.52,0.0023769999999999998,0.45929,0.007431
2015-09-04,230.25,2.67,2.51,0.002321,0.46787399999999996,0.007354999999999999
2015-09-05,233.67,2.86,2.4,0.0024760000000000003,0.48159399999999997,0.007859999999999999
2015-09-06,239.86,3.05,2.49,0.002527,0.505111,0.007891
2015-09-07,239.58,3.05,2.43,0.0024519999999999998,0.4994520000000001,0.007918000000000001
2015-09-08,243.24,3.03,2.38,0.0023,0.517402,0.007831
2015-09-09,237.41,2.89,1.0,0.002195,0.506011,0.007678
2015-09-10,238.08,2.93,2.38,0.002208,0.4972470000000001,0.007663
2015-09-11,239.9,2.94,2.12,0.002231,0.495325,0.008444
2015-09-12,235.6,2.82,2.42,0.002239,0.46547299999999997,0.008197
2015-09-13,230.19,2.8,2.41,0.0021579999999999998,0.46286499999999997,0.008532
2015-09-14,229.91,2.83,2.39,0.002139,0.482289,0.007404000000000002
2015-09-15,229.53,2.8,2.48,0.002183,0.502379,0.00772
2015-09-16,228.6,2.78,2.44,0.002159,0.5099739999999999,0.007426
2015-09-17,232.72,2.9,2.52,0.002228,0.49478199999999994,0.007372
2015-09-18,232.21,2.93,2.48,0.0022429999999999998,0.50044,0.007529000000000002
2015-09-19,231.11,2.86,2.46,0.0022949999999999997,0.496418,0.007481999999999998
2015-09-20,231.09,2.84,2.43,0.002223,0.485971,0.0076370000000000006
2015-09-21,226.33,2.78,2.53,0.0021420000000000002,0.4804520000000001,0.007247
2015-09-22,230.01,2.82,2.51,0.0021379999999999997,0.471829,0.007168000000000002
2015-09-23,229.89,2.85,2.53,0.002082,0.464606,0.006668
2015-09-24,233.76,2.9,2.45,0.002058,0.468678,0.00671
2015-09-25,235.03,2.87,2.41,0.0020559999999999997,0.45151499999999994,0.00665
2015-09-26,234.3,2.87,2.36,0.002071,0.44510500000000003,0.006501000000000001
2015-09-27,232.5,2.86,2.37,0.0020670000000000003,0.43771000000000004,0.006536
2015-09-28,238.87,3.03,2.42,0.002091,0.44899799999999995,0.006293
2015-09-29,236.71,2.99,2.42,0.002055,0.435817,0.005579
2015-09-30,235.93,2.98,2.41,0.0019850000000000002,0.399882,0.005520000000000001
2015-10-01,237.05,2.98,2.34,0.002224,0.404696,0.005448
2015-10-02,236.71,2.96,2.4,0.002076,0.409897,0.005868
2015-10-03,238.58,3.01,2.22,0.002013,0.40992799999999996,0.005517
2015-10-04,238.33,2.98,2.24,0.0020510000000000003,0.400312,0.005236
2015-10-05,240.15,2.99,2.35,0.001989,0.4161510000000001,0.005007999999999999
2015-10-06,246.14,3.11,2.53,0.002077,0.41137799999999997,0.005328
2015-10-07,242.98,3.03,2.4,0.002075,0.39318600000000004,0.005375
2015-10-08,242.58,3.04,2.6,0.001996,0.387872,0.005031
2015-10-09,244.04,3.09,2.5,0.002121,0.397329,0.004983
2015-10-10,245.35,3.09,2.4,0.002084,0.387789,0.005037
2015-10-11,247.65,3.13,2.38,0.0021100000000000003,0.38072399999999995,0.005182
2015-10-12,245.35,3.11,2.33,0.002031,0.39531700000000003,0.00526
2015-10-13,248.78,3.14,2.33,0.002101,0.388015,0.005377000000000001
2015-10-14,252.33,3.11,2.37,0.0019149999999999998,0.384266,0.005418
2015-10-15,254.44,3.08,2.23,0.001934,0.390841,0.005399
2015-10-16,262.87,3.1,2.34,0.001936,0.41151099999999996,0.005398
2015-10-17,269.58,3.05,2.43,0.001986,0.426942,0.005203
2015-10-18,261.67,3.0,2.41,0.001972,0.409797,0.004979
2015-10-19,263.82,3.03,2.4,0.0019329999999999998,0.403212,0.005043
2015-10-20,269.75,3.06,2.45,0.00187,0.399646,0.004731
2015-10-21,267.11,3.06,2.43,0.001975,0.394597,0.004697
2015-10-22,274.42,3.1,2.44,0.001957,0.40323600000000004,0.004723
2015-10-23,276.92,3.08,2.32,0.001956,0.393922,0.004677000000000001
2015-10-24,282.56,3.09,2.26,0.001923,0.395808,0.0046619999999999995
2015-10-25,287.86,3.07,2.25,0.0018859999999999999,0.407067,0.004556
2015-10-26,285.15,3.08,2.13,0.00186,0.38795999999999997,0.004675
2015-10-27,294.66,3.08,2.04,0.001997,0.409574,0.004649
2015-10-28,303.54,3.07,2.13,0.00202,0.448829,0.004675
2015-10-29,313.63,3.81,2.36,0.002069,0.447103,0.004634
2015-10-30,327.12,3.84,2.52,0.002184,0.456442,0.004839
2015-10-31,311.24,3.55,2.28,0.00216,0.404538,0.004686999999999999
2015-11-01,322.95,3.67,2.41,0.002128,0.423505,0.004901
2015-11-02,359.28,3.97,2.53,0.0021899999999999997,0.44288599999999995,0.005156
2015-11-03,396.49,4.28,2.61,0.002189,0.44270699999999996,0.005383
2015-11-04,400.89,3.99,2.57,0.00218,0.505869,0.004947
2015-11-05,382.7,3.76,2.34,0.002012,0.43253,0.0045060000000000005
2015-11-06,369.81,3.42,2.66,0.001917,0.439195,0.004562
2015-11-07,385.09,3.48,2.64,0.002015,0.452638,0.004693999999999999
2015-11-08,371.56,3.34,2.49,0.001943,0.497654,0.004647
2015-11-09,380.22,3.33,2.56,0.0020329999999999997,0.47277600000000003,0.004609
2015-11-10,336.69,3.11,2.48,0.002039,0.460954,0.004406
2015-11-11,304.71,2.92,2.18,0.001964,0.450299,0.004264
2015-11-12,333.85,3.24,2.67,0.002124,0.443275,0.004541
2015-11-13,333.77,3.21,2.5,0.001974,0.45261899999999994,0.004477
2015-11-14,331.77,3.17,2.55,0.0019809999999999997,0.424853,0.004328
2015-11-15,317.45,3.04,2.37,0.0019879999999999997,0.43081,0.004164999999999999
2015-11-16,330.21,3.17,2.4,0.0019219999999999999,0.435954,0.004234
2015-11-17,333.91,3.18,2.28,0.002015,0.42899899999999996,0.00425
2015-11-18,335.92,3.17,2.31,0.0019089999999999999,0.415567,0.004258
2015-11-19,324.98,3.11,2.29,0.00193,0.407052,0.004222
2015-11-20,321.12,3.1,2.29,0.001895,0.389316,0.004227000000000001
2015-11-21,324.7,3.13,2.29,0.0019100000000000002,0.391906,0.0042450000000000005
2015-11-22,322.78,3.11,2.49,0.001972,0.39582399999999995,0.004267
2015-11-23,322.12,3.11,2.18,0.0019,0.391113,0.004288
2015-11-24,318.35,3.1,2.19,0.0018670000000000002,0.390148,0.004242
2015-11-25,327.52,3.3,2.16,0.0019079999999999998,0.38768400000000003,0.004318
2015-11-26,353.74,3.54,2.25,0.0019199999999999998,0.404663,0.004291
2015-11-27,359.52,3.55,2.23,0.001766,0.386268,0.004275999999999999
2015-11-28,355.83,3.49,2.1,0.001741,0.39204,0.0042380000000000004
2015-11-29,370.84,3.64,2.21,0.0017399999999999998,0.401147,0.004299
2015-11-30,377.97,3.6,2.23,0.001732,0.395225,0.004201
2015-12-01,361.8,3.41,2.2,0.001739,0.37602800000000003,0.00409
2015-12-02,359.98,3.34,2.2,0.0017670000000000001,0.368688,0.004173
2015-12-03,360.31,3.35,2.38,0.0017120000000000002,0.36689099999999997,0.004262
2015-12-04,361.67,3.33,2.2,0.00201,0.370805,0.0047539999999999995
2015-12-05,386.69,3.48,2.2,0.001864,0.451304,0.005301
2015-12-06,393.38,3.44,2.25,0.0019199999999999998,0.43994700000000003,0.005344
2015-12-07,394.28,3.56,2.0,0.0019649999999999997,0.421295,0.00556
2015-12-08,410.67,3.63,2.15,0.002292,0.42936,0.006775
2015-12-09,416.0,3.62,2.13,0.0020629999999999997,0.45207299999999995,0.008523000000000001
2015-12-10,415.49,3.63,2.33,0.002026,0.43143400000000004,0.008444
2015-12-11,449.83,3.76,2.34,0.002135,0.458294,0.008440999999999999
2015-12-12,432.29,3.54,2.4,0.001986,0.455326,0.008536
2015-12-13,434.69,3.54,2.5,0.002066,0.465171,0.008779
2015-12-14,442.0,3.55,2.5,0.002002,0.5347609999999999,0.007614
2015-12-15,462.65,3.76,2.45,0.00187,0.556358,0.006684000000000001
2015-12-16,453.98,3.63,2.52,0.001846,0.518993,0.006755
2015-12-17,455.53,3.71,2.57,0.001857,0.5012310000000001,0.006693999999999999
2015-12-18,463.18,3.73,2.44,0.001849,0.499438,0.0063869999999999994
2015-12-19,461.2,3.7,2.54,0.001842,0.471013,0.006291
2015-12-20,441.78,3.51,2.5,0.0017460000000000002,0.507456,0.006235
2015-12-21,437.59,3.41,2.4,0.0017800000000000001,0.488745,0.006268999999999999
2015-12-22,437.03,3.39,2.33,0.0017280000000000002,0.480099,0.006193
2015-12-23,442.43,3.55,2.47,0.0017420000000000005,0.48224399999999995,0.006021
2015-12-24,452.98,3.61,2.21,0.0017699999999999999,0.490058,0.005971
2015-12-25,454.05,3.59,2.51,0.0018280000000000002,0.484163,0.006487000000000001
2015-12-26,415.37,3.4,2.65,0.00165,0.446716,0.006174
2015-12-27,422.39,3.48,2.38,0.00172,0.451554,0.006343
2015-12-28,421.76,3.46,2.33,0.001777,0.446928,0.00634
2015-12-29,431.92,3.5,2.57,0.001743,0.45616,0.0062640000000000005
2015-12-30,427.15,3.46,2.92,0.0017629999999999996,0.441028,0.006182
2015-12-31,429.95,3.47,2.7,0.0017510000000000002,0.47040200000000004,0.00604
2016-01-01,433.99,3.49,3.18,0.001748,0.497867,0.005954999999999999
2016-01-02,433.72,3.49,3.0,0.001741,0.532668,0.006065
2016-01-03,430.7,3.47,2.8,0.001744,0.500312,0.006017
2016-01-04,433.32,3.49,2.7,0.001748,0.517388,0.005958
2016-01-05,431.2,3.46,2.96,0.001721,0.4992720000000001,0.006044
2016-01-06,430.82,3.45,2.8,0.0016719999999999999,0.505053,0.0060030000000000005
2016-01-07,457.05,3.59,2.59,0.0017280000000000002,0.492529,0.006039
2016-01-08,452.87,3.56,2.64,0.0016809999999999998,0.488417,0.005933
2016-01-09,448.31,3.54,2.49,0.001749,0.49013500000000004,0.005982
2016-01-10,446.19,3.53,2.95,0.0017649999999999999,0.48857799999999996,0.005956
2016-01-11,447.72,3.55,2.46,0.001739,0.482049,0.005895
2016-01-12,445.04,3.52,2.55,0.001743,0.490113,0.005854
2016-01-13,432.18,3.48,2.39,0.0018239999999999999,0.4843020000000001,0.005794
2016-01-14,429.13,3.45,2.95,0.0019140000000000001,0.486483,0.005529
2016-01-15,372.26,3.14,3.5,0.001737,0.4284560000000001,0.005229
2016-01-16,385.04,3.06,3.5,0.001748,0.4966680000000001,0.005111999999999999
2016-01-17,382.47,3.02,5.0,0.001714,0.45077399999999995,0.005266
2016-01-18,384.4,3.04,4.75,0.0017109999999999998,0.502346,0.005326
2016-01-19,379.46,3.02,4.1,0.0018260000000000001,0.545904,0.0052710000000000005
2016-01-20,414.58,3.36,4.6,0.0018210000000000001,0.535095,0.005381
2016-01-21,410.24,3.22,5.0,0.001738,0.549362,0.005313
2016-01-22,382.65,3.08,5.88,0.001704,0.536995,0.0051140000000000005
2016-01-23,388.61,3.11,3.7,0.001696,0.61602,0.00512
2016-01-24,402.13,3.17,4.9,0.0017230000000000001,0.62205,0.005219
2016-01-25,392.76,3.12,3.51,0.001709,0.581354,0.005135
2016-01-26,389.78,3.13,4.7,0.0019010000000000001,0.584982,0.005419
2016-01-27,395.02,3.28,4.02,0.002235,0.61087,0.0065060000000000005
2016-01-28,379.69,3.08,4.02,0.0019079999999999998,0.563129,0.006226
2016-01-29,380.29,3.1,4.31,0.001888,0.51825,0.006840000000000001
2016-01-30,377.76,3.06,4.02,0.0017350000000000002,0.511528,0.006634
2016-01-31,369.84,3.06,4.8,0.0017760000000000005,0.483429,0.006399
2016-02-01,372.18,3.07,3.56,0.0017920000000000004,0.497962,0.006542
2016-02-02,373.92,3.07,3.66,0.001796,0.501037,0.006768000000000001
2016-02-03,368.02,3.04,3.9,0.001807,0.49197399999999997,0.006883
2016-02-04,390.65,3.14,4.8,0.0018030000000000001,0.5071640000000001,0.0069700000000000005
2016-02-05,386.46,3.13,4.6,0.001834,0.4963520000000001,0.007262
2016-02-06,376.68,3.09,4.0,0.001864,0.480421,0.007922
2016-02-07,377.94,3.09,4.2,0.001852,0.47940699999999997,0.008338
2016-02-08,372.63,3.06,4.3,0.001841,0.48163599999999995,0.007991
2016-02-09,375.32,3.08,4.01,0.0018260000000000001,0.46485,0.007815
2016-02-10,381.88,3.1,4.08,0.001849,0.48042399999999996,0.007853
2016-02-11,379.45,3.04,3.25,0.0018780000000000001,0.5163810000000001,0.007815
2016-02-12,384.04,3.09,3.8,0.002344,0.612499,0.007979
2016-02-13,390.1,3.12,3.61,0.002203,0.804311,0.008256999999999999
2016-02-14,405.5,3.19,3.7,0.0021899999999999997,0.846403,0.00859
2016-02-15,401.07,3.14,4.09,0.002203,0.791647,0.008631
2016-02-16,406.42,3.18,3.7,0.002649,0.935744,0.008451
2016-02-17,417.14,3.23,3.9,0.0021579999999999998,0.733156,0.008138
2016-02-18,421.4,3.23,3.72,0.0021219999999999998,0.774533,0.007995
2016-02-19,419.98,3.23,3.58,0.0021100000000000003,0.819088,0.008245
2016-02-20,440.06,3.42,3.49,0.002101,0.824465,0.008253
2016-02-21,437.87,3.41,4.1,0.002157,0.782148,0.0081
2016-02-22,437.79,3.45,4.22,0.0019760000000000003,0.77803,0.00805
2016-02-23,419.9,3.38,3.78,0.0019030000000000002,0.756528,0.00797
2016-02-24,422.72,3.35,4.0,0.001959,0.801251,0.008076
2016-02-25,423.48,3.35,3.48,0.001975,0.806427,0.008027
2016-02-26,427.32,3.38,3.75,0.001943,0.813595,0.008058
2016-02-27,431.3,3.38,4.05,0.002003,0.8297,0.007972
2016-02-28,432.47,3.4,4.0,0.0019809999999999997,0.8704850000000001,0.007889
2016-02-29,436.21,3.4,4.04,0.0019489999999999998,0.870503,0.007923000000000001
2016-03-01,434.04,3.41,3.99,0.0019089999999999999,0.8479959999999999,0.008006000000000001
2016-03-02,425.36,3.36,3.84,0.001884,0.827633,0.008029999999999999
2016-03-03,419.56,3.31,4.6,0.0018899999999999998,1.09,0.008162
2016-03-04,409.48,3.23,3.98,0.0019140000000000001,1.1,0.008095999999999999
2016-03-05,399.0,3.18,4.71,0.0018239999999999999,1.2,0.007878
2016-03-06,405.96,3.2,4.9,0.0019379999999999998,1.2,0.007859999999999999
2016-03-07,414.87,3.24,4.28,0.002392,1.07,0.007918000000000001
2016-03-08,411.9,3.22,4.57,0.002216,1.19,0.007949
2016-03-09,412.76,3.25,4.27,0.002229,1.24,0.008056
2016-03-10,415.83,3.27,4.78,0.002368,1.09,0.008190000000000001
2016-03-11,419.11,3.35,5.05,0.0025670000000000003,1.1,0.008803
2016-03-12,410.36,3.28,5.32,0.00227,1.15,0.0087
2016-03-13,412.41,3.28,5.45,0.002177,1.24,0.008634999999999999
2016-03-14,414.31,3.29,5.47,0.0021379999999999997,1.12,0.008479
2016-03-15,415.13,3.29,5.81,0.002193,1.14,0.008186
2016-03-16,415.91,3.29,6.27,0.002136,1.15,0.008178
2016-03-17,418.16,3.28,5.81,0.002147,1.3,0.008287000000000001
2016-03-18,408.16,3.16,5.88,0.00198,1.15,0.008119
2016-03-19,408.69,3.17,6.0,0.002015,1.21,0.008015999999999999
2016-03-20,411.53,3.19,5.9,0.002088,1.52,0.00796
2016-03-21,411.11,3.19,6.2,0.002074,1.49,0.008047
2016-03-22,416.21,3.22,6.0,0.002079,1.39,0.00811
2016-03-23,416.98,3.22,6.32,0.0021739999999999997,1.45,0.008331999999999999
2016-03-24,414.74,3.18,6.71,0.0020800000000000003,1.7,0.00823
2016-03-25,415.71,3.21,7.95,0.002076,1.6,0.008191
2016-03-26,416.51,3.21,7.11,0.002059,1.7,0.008066
2016-03-27,424.57,3.28,7.16,0.002027,1.53,0.008029000000000001
2016-03-28,422.21,3.25,7.06,0.002113,1.49,0.007564
2016-03-29,415.0,3.22,6.93,0.0020870000000000003,1.49,0.007566
2016-03-30,412.44,3.21,7.0,0.002039,1.45,0.007331999999999998
2016-03-31,415.66,3.23,6.98,0.002027,1.4,0.007391
2016-04-01,415.64,3.22,7.05,0.0020469999999999998,1.46,0.007418000000000002
2016-04-02,418.51,3.24,7.13,0.002089,1.55,0.007501000000000002
2016-04-03,419.06,3.25,6.93,0.00221,1.54,0.007503
2016-04-04,419.33,3.23,6.92,0.002294,1.6,0.0074909999999999985
2016-04-05,422.07,3.25,7.22,0.00216,1.52,0.007474
2016-04-06,421.26,3.24,6.95,0.002163,1.51,0.007295999999999999
2016-04-07,420.14,3.22,7.01,0.0021550000000000002,1.5,0.006875
2016-04-08,417.69,3.21,6.95,0.002184,1.24,0.006670999999999999
2016-04-09,418.05,3.21,6.6,0.002017,1.13,0.006288
2016-04-10,420.25,3.21,6.55,0.001882,1.1,0.005937
2016-04-11,421.43,3.22,6.52,0.0019030000000000002,1.02,0.0060479999999999996
2016-04-12,424.74,3.25,6.39,0.001871,0.9559860000000001,0.0058850000000000005
2016-04-13,423.47,3.24,6.56,0.0018629999999999999,1.03,0.005695
2016-04-14,424.02,3.24,6.42,0.001877,1.01,0.006289
2016-04-15,428.67,3.27,5.99,0.0018789999999999998,0.990145,0.006423999999999999
2016-04-16,430.05,3.27,6.27,0.0019219999999999999,0.977983,0.006509999999999999
2016-04-17,426.26,3.25,6.43,0.0018989999999999999,1.04,0.006499
2016-04-18,427.69,3.24,6.22,0.0019030000000000002,1.11,0.006987
2016-04-19,434.92,3.27,6.4,0.001929,1.11,0.007118000000000002
2016-04-20,441.16,3.27,6.2,0.001928,1.06,0.007244
2016-04-21,449.34,3.33,6.2,0.0018739999999999998,0.977233,0.007432999999999999
2016-04-22,445.28,3.3,6.29,0.001917,0.9804290000000001,0.0072840000000000005
2016-04-23,450.08,3.34,6.4,0.0019260000000000002,1.04,0.007345999999999998
2016-04-24,457.56,3.57,6.4,0.001912,1.01,0.0072510000000000005
2016-04-25,461.73,3.77,6.19,0.001876,0.953362,0.007282999999999999
2016-04-26,466.0,4.0,5.95,0.001819,0.884295,0.0070950000000000015
2016-04-27,447.01,3.96,6.34,0.001832,0.9415309999999999,0.006725
2016-04-28,448.48,3.77,6.37,0.0019039999999999999,0.9047940000000001,0.006686
2016-04-29,454.98,3.78,6.6,0.001849,0.883684,0.006759
2016-04-30,448.53,3.65,6.77,0.001852,0.916537,0.006812
2016-05-01,452.24,3.7,6.71,0.001883,0.914293,0.006790999999999999
2016-05-02,444.18,3.67,6.82,0.0018679999999999999,0.9643950000000001,0.006714
2016-05-03,450.27,3.73,6.85,0.0018620000000000002,0.9082370000000001,0.00656
2016-05-04,445.8,3.73,6.87,0.001865,0.9164549999999999,0.006323
2016-05-05,448.08,3.7,6.76,0.0018399999999999998,0.906841,0.006193
2016-05-06,459.56,3.78,6.59,0.001829,0.877466,0.006399
2016-05-07,458.46,3.93,6.53,0.001814,0.880058,0.006490000000000001
2016-05-08,457.87,3.91,6.57,0.001796,0.8505860000000001,0.006404000000000001
2016-05-09,460.44,4.03,6.59,0.001802,0.825393,0.006399
2016-05-10,449.36,3.78,6.75,0.0017739999999999995,0.829463,0.006272
2016-05-11,452.5,3.86,6.66,0.001797,0.8597100000000001,0.006189
2016-05-12,454.43,3.84,6.73,0.0018,0.875668,0.006167
2016-05-13,455.41,3.91,6.9,0.0017699999999999999,0.8477629999999999,0.006109000000000001
2016-05-14,456.44,4.01,6.89,0.0017809999999999996,0.8388950000000001,0.006072999999999999
2016-05-15,458.11,4.05,7.0,0.0017620000000000001,0.823823,0.0060609999999999995
2016-05-16,454.87,4.0,7.36,0.0017239999999999998,0.8183560000000001,0.006022
2016-05-17,453.25,4.0,7.31,0.0016920000000000001,0.813343,0.006023
2016-05-18,454.22,4.0,7.31,0.0017109999999999998,0.840542,0.006028
2016-05-19,442.66,3.88,7.64,0.001661,0.8535950000000001,0.006032
2016-05-20,442.11,3.87,7.96,0.0016489999999999999,0.9422219999999999,0.006084
2016-05-21,443.64,3.95,8.24,0.001634,0.975433,0.00599
2016-05-22,439.62,3.94,8.22,0.001626,0.9387639999999999,0.005936
2016-05-23,443.69,3.97,8.1,0.001599,0.9147299999999999,0.005909
2016-05-24,446.11,3.94,7.78,0.0016079999999999998,0.901127,0.005961999999999999
2016-05-25,449.78,4.04,7.55,0.00155,0.8658870000000001,0.005756
2016-05-26,453.3,4.08,7.48,0.001489,0.860175,0.0056689999999999996
2016-05-27,474.05,4.48,7.4,0.001444,0.8590909999999999,0.005679
2016-05-28,524.22,4.41,7.49,0.0014759999999999999,0.919737,0.005682
2016-05-29,516.05,4.41,8.0,0.001497,0.881719,0.0056619999999999995
2016-05-30,532.26,4.54,8.06,0.00151,0.910537,0.005748
2016-05-31,528.92,4.56,8.11,0.0015429999999999999,0.928747,0.005706
2016-06-01,537.4,4.67,8.05,0.001525,0.9148709999999999,0.005809
2016-06-02,537.1,4.67,8.1,0.0015119999999999999,0.92668,0.005765999999999999
2016-06-03,567.03,4.8,7.92,0.0015300000000000001,0.9452020000000001,0.005827000000000001
2016-06-04,571.95,4.75,8.06,0.001527,0.974353,0.0057799999999999995
2016-06-05,574.91,4.79,7.6,0.001498,1.0,0.005796
2016-06-06,583.58,4.92,7.6,0.0014960000000000002,1.01,0.005769
2016-06-07,575.58,4.74,7.82,0.0014880000000000002,1.01,0.0057799999999999995
2016-06-08,580.51,4.74,7.87,0.001497,0.9999520000000001,0.00577
2016-06-09,574.69,4.71,7.85,0.0015869999999999999,1.11,0.005788000000000001
2016-06-10,577.89,4.82,8.07,0.001573,1.15,0.005736
2016-06-11,591.6,4.91,7.78,0.001576,1.14,0.005765999999999999
2016-06-12,666.55,5.11,7.42,0.00162,1.25,0.005852
2016-06-13,700.07,5.21,7.55,0.0015609999999999999,1.28,0.005824
2016-06-14,685.14,5.15,7.93,0.001754,1.39,0.0071049999999999985
2016-06-15,690.77,5.17,8.11,0.001668,1.46,0.006887000000000001
2016-06-16,761.21,5.49,8.45,0.0017219999999999998,1.58,0.0066760000000000005
2016-06-17,743.9,5.44,8.24,0.001697,1.75,0.006693000000000001
2016-06-18,753.77,5.47,8.02,0.0017579999999999998,2.01,0.0066040000000000005
2016-06-19,761.04,5.48,7.82,0.001831,1.87,0.006813
2016-06-20,733.97,5.22,8.08,0.0017739999999999995,1.83,0.006626000000000001
2016-06-21,667.38,4.74,7.6,0.0017109999999999998,1.61,0.0061719999999999995
2016-06-22,590.56,3.77,7.51,0.00162,1.5,0.006495
2016-06-23,620.84,3.78,7.3,0.001666,1.56,0.006381
2016-06-24,656.89,4.15,7.06,0.001786,1.59,0.0064340000000000005
2016-06-25,663.52,4.17,6.79,0.0017879999999999999,1.55,0.006414
2016-06-26,625.41,4.0,6.7,0.002026,1.48,0.0064
2016-06-27,644.66,4.07,7.0,0.002657,1.48,0.006398
2016-06-28,644.89,4.06,7.0,0.002333,1.49,0.006773
2016-06-29,636.54,4.03,6.97,0.0020399999999999997,1.55,0.006776999999999999
2016-06-30,670.02,4.16,7.05,0.002143,1.61,0.006657
2016-07-01,674.57,4.23,7.14,0.0020350000000000004,1.66,0.0067870000000000005
2016-07-02,698.06,4.56,7.1,0.0020399999999999997,1.75,0.006698999999999999
2016-07-03,661.64,4.29,7.0,0.001928,1.7,0.006606999999999999
2016-07-04,675.16,4.46,6.92,0.001935,1.71,0.007028
2016-07-05,663.67,4.36,6.83,0.0018690000000000002,1.73,0.006698999999999999
2016-07-06,672.7,4.43,6.96,0.001846,1.94,0.006691
2016-07-07,635.25,4.07,7.04,0.0017399999999999998,1.9,0.0065980000000000006
2016-07-08,662.78,4.18,7.38,0.00187,1.98,0.0067150000000000005
2016-07-09,651.83,4.12,7.28,0.0017629999999999996,1.96,0.006679000000000001
2016-07-10,647.11,4.09,7.39,0.001852,1.91,0.006673999999999999
2016-07-11,646.71,4.07,7.89,0.001809,1.98,0.006534000000000001
2016-07-12,670.56,4.16,7.84,0.001991,1.99,0.00635
2016-07-13,661.15,4.14,7.88,0.002164,1.93,0.006411
2016-07-14,657.25,4.13,7.86,0.002039,2.01,0.006385
2016-07-15,664.2,4.13,7.94,0.001977,1.99,0.006442
2016-07-16,660.69,4.11,8.15,0.0019260000000000002,1.98,0.006572
2016-07-17,676.33,4.14,8.07,0.001925,1.99,0.0065379999999999995
2016-07-18,670.38,4.13,8.07,0.001982,1.95,0.006481999999999999
2016-07-19,671.1,4.14,8.4,0.0019,1.9,0.006405
2016-07-20,664.4,4.11,8.4,0.0018620000000000002,1.76,0.0063950000000000005
2016-07-21,664.62,4.12,8.8,0.0018390000000000001,1.74,0.006416
2016-07-22,651.11,4.02,9.33,0.0018239999999999999,1.83,0.0063030000000000004
2016-07-23,655.16,4.04,9.15,0.002084,1.89,0.0063170000000000006
2016-07-24,659.29,4.05,9.18,0.0022530000000000002,1.88,0.006286
2016-07-25,654.0,4.03,8.95,0.002143,1.85,0.006246
2016-07-26,654.38,3.95,8.59,0.001939,1.83,0.005998
2016-07-27,654.54,3.96,9.03,0.0019309999999999998,1.94,0.0059689999999999995
2016-07-28,654.13,3.96,9.26,0.001948,1.85,0.005974
2016-07-29,655.43,4.05,9.38,0.002013,1.89,0.006111
2016-07-30,654.74,4.07,9.24,0.0019399999999999999,1.91,0.006121
2016-07-31,621.87,3.94,9.55,0.001916,1.82,0.005945000000000001
2016-08-01,607.0,3.88,9.5,0.0018739999999999998,1.7,0.005906000000000001
2016-08-02,513.43,3.5,9.75,0.001736,1.49,0.00569
2016-08-03,566.44,3.7,9.03,0.0018039999999999998,1.57,0.005646
2016-08-04,576.22,3.72,9.33,0.0018789999999999998,1.85,0.005816
2016-08-05,574.66,3.7,9.58,0.0019,1.79,0.006447
2016-08-06,586.45,3.76,10.5,0.001956,1.88,0.006337
2016-08-07,590.85,3.76,10.23,0.001888,1.9,0.006178
2016-08-08,589.24,3.78,10.45,0.001848,1.9,0.006027
2016-08-09,585.25,3.74,10.1,0.001871,2.05,0.006163
2016-08-10,590.94,3.75,10.5,0.0018920000000000002,2.01,0.006194
2016-08-11,587.84,3.75,10.95,0.001889,1.98,0.006189
2016-08-12,587.14,3.71,12.6,0.001831,1.95,0.006123
2016-08-13,584.59,3.71,12.8,0.002038,1.98,0.006092
2016-08-14,569.06,3.62,14.0,0.0020050000000000003,2.01,0.005994
2016-08-15,566.95,3.58,13.0,0.002019,2.18,0.006045
2016-08-16,580.19,3.63,13.1,0.002016,2.2,0.00614
2016-08-17,572.34,3.59,12.26,0.001993,2.24,0.006109000000000001
2016-08-18,573.39,3.6,13.99,0.0019760000000000003,2.19,0.006122
2016-08-19,574.56,3.6,13.65,0.001963,2.3,0.0061189999999999994
2016-08-20,582.61,3.61,12.85,0.00193,2.44,0.006114
2016-08-21,580.66,3.61,13.2,0.0019079999999999998,2.54,0.006052
2016-08-22,587.47,3.66,13.72,0.0019190000000000001,3.99,0.006
2016-08-23,583.56,3.94,13.1,0.0018780000000000001,4.72,0.006019
2016-08-24,579.66,3.84,13.34,0.001888,4.42,0.006052
2016-08-25,577.96,3.79,12.4,0.0018739999999999998,4.15,0.006079
2016-08-26,579.37,3.81,12.55,0.001888,4.18,0.00603
2016-08-27,570.35,3.74,12.57,0.0018620000000000002,5.3,0.005975
2016-08-28,574.98,3.73,12.1,0.001808,9.51,0.005963
2016-08-29,574.23,3.77,11.7,0.00183,8.5,0.006131
2016-08-30,577.32,3.8,11.71,0.00185,8.49,0.006026
2016-08-31,573.88,3.79,11.59,0.001906,8.58,0.006012
2016-09-01,571.99,3.82,11.29,0.001887,8.0,0.005984000000000001
2016-09-02,575.29,3.81,11.4,0.0018850000000000002,10.21,0.0059700000000000005
2016-09-03,598.84,3.9,11.15,0.001902,10.59,0.005964
2016-09-04,609.55,4.01,11.44,0.001934,13.39,0.005954
2016-09-05,605.76,3.96,11.26,0.001912,13.96,0.005932
2016-09-06,610.44,3.95,10.95,0.001925,12.46,0.005912
2016-09-07,613.21,3.95,11.08,0.001925,11.83,0.0058920000000000005
2016-09-08,625.57,3.97,11.32,0.0019309999999999998,12.74,0.005902
2016-09-09,623.16,3.96,11.23,0.00202,12.43,0.005869
2016-09-10,624.52,3.96,11.12,0.002032,12.23,0.00587
2016-09-11,605.61,3.85,11.25,0.001966,10.69,0.005842
2016-09-12,607.98,3.81,12.2,0.0019399999999999999,10.03,0.0058969999999999995
2016-09-13,608.61,3.81,12.3,0.0019510000000000005,10.88,0.005886
2016-09-14,609.54,3.82,12.75,0.001963,10.51,0.005961
2016-09-15,608.11,3.8,12.3,0.0023190000000000003,9.41,0.008303
2016-09-16,607.78,3.82,11.9,0.002082,8.91,0.007445999999999999
2016-09-17,607.08,3.8,11.82,0.0021620000000000003,9.68,0.007018000000000001
2016-09-18,610.7,3.83,11.79,0.00209,9.45,0.006853
2016-09-19,609.85,3.82,11.6,0.002127,10.56,0.0068579999999999995
2016-09-20,609.24,3.83,11.4,0.002052,11.15,0.006784999999999999
2016-09-21,597.16,3.77,11.58,0.002085,9.92,0.006829000000000001
2016-09-22,595.63,3.76,11.58,0.0021379999999999997,10.16,0.006843000000000001
2016-09-23,602.92,3.81,11.59,0.0020829999999999998,10.77,0.007210999999999999
2016-09-24,602.59,3.8,11.45,0.002219,10.63,0.0073620000000000005
2016-09-25,601.49,3.8,11.54,0.002454,10.24,0.007855
2016-09-26,606.54,3.85,11.58,0.002385,9.4,0.007963
2016-09-27,605.47,3.84,11.7,0.002549,9.31,0.008229
2016-09-28,604.67,3.83,11.61,0.003149,9.4,0.009048
2016-09-29,604.7,3.84,11.81,0.003066,8.71,0.008914
2016-09-30,608.14,3.83,12.05,0.0028469999999999997,8.41,0.00883
2016-10-01,613.41,3.83,11.7,0.002763,7.36,0.008205
2016-10-02,610.69,3.84,11.58,0.002867,8.3,0.008165
2016-10-03,611.6,3.83,11.65,0.00271,7.95,0.008089
2016-10-04,608.96,3.83,11.92,0.00259,7.65,0.007853
2016-10-05,611.82,3.84,11.9,0.0024850000000000002,6.76,0.007435
2016-10-06,610.97,3.82,11.91,0.002306,7.18,0.007382
2016-10-07,616.03,3.84,11.85,0.002374,6.89,0.007377
2016-10-08,617.65,3.82,11.77,0.002317,6.88,0.00731
2016-10-09,615.77,3.81,11.76,0.002376,7.48,0.007543000000000002
2016-10-10,617.29,3.77,11.6,0.002466,6.94,0.007978
2016-10-11,640.45,3.81,11.56,0.002679,7.28,0.008234
2016-10-12,635.99,3.8,11.47,0.002637,7.31,0.007949
2016-10-13,635.6,3.88,11.53,0.002539,6.91,0.007982
2016-10-14,637.92,3.87,11.5,0.002479,6.92,0.008767
2016-10-15,637.03,3.86,11.22,0.002439,6.56,0.008145999999999999
2016-10-16,640.12,3.86,10.91,0.002418,6.38,0.008078
2016-10-17,637.37,3.84,10.68,0.002291,6.28,0.008029999999999999
2016-10-18,635.34,3.82,10.22,0.002388,6.57,0.00835
2016-10-19,629.06,3.79,10.46,0.002339,6.62,0.008627
2016-10-20,628.34,3.77,10.76,0.00267,6.56,0.009092
2016-10-21,630.45,3.8,10.6,0.0024760000000000003,6.78,0.009029
2016-10-22,655.48,3.85,10.3,0.002407,6.52,0.008971999999999999
2016-10-23,653.03,3.88,9.86,0.002438,6.51,0.009454
2016-10-24,650.49,3.84,9.92,0.002471,6.42,0.009065
2016-10-25,651.0,3.85,9.36,0.002357,6.09,0.008891
2016-10-26,674.67,3.92,9.28,0.002338,6.17,0.008834999999999999
2016-10-27,682.3,3.98,9.5,0.002176,6.21,0.008481
2016-10-28,686.24,3.95,9.12,0.002095,5.73,0.008143000000000001
2016-10-29,714.95,4.05,8.47,0.001957,5.14,0.007731999999999998
2016-10-30,697.27,3.96,9.47,0.002127,5.57,0.008014
2016-10-31,698.67,3.96,9.03,0.002088,5.12,0.008196
2016-11-01,726.76,4.06,9.06,0.0019760000000000003,4.71,0.008102
2016-11-02,733.51,4.08,9.01,0.002023,4.51,0.008222
2016-11-03,684.87,3.83,8.84,0.001994,4.89,0.008020999999999999
2016-11-04,702.08,3.86,9.1,0.001999,4.85,0.008157
2016-11-05,702.11,3.86,9.16,0.0020210000000000002,5.02,0.00823
2016-11-06,709.91,3.87,9.23,0.001959,4.97,0.008193
2016-11-07,705.4,3.84,9.73,0.002013,5.74,0.008108
2016-11-08,710.9,3.82,9.63,0.001986,6.32,0.008206
2016-11-09,721.42,3.85,9.7,0.001968,6.19,0.008079000000000001
2016-11-10,714.57,3.8,9.57,0.001948,6.1,0.008136
2016-11-11,714.97,3.8,9.65,0.001913,6.78,0.008065000000000001
2016-11-12,704.27,3.75,9.58,0.0018989999999999999,7.44,0.008043999999999999
2016-11-13,701.97,3.85,9.43,0.0018960000000000001,7.1,0.008256999999999999
2016-11-14,704.56,3.86,9.6,0.0018800000000000002,7.71,0.008098000000000001
2016-11-15,711.1,3.87,9.5,0.001853,7.3,0.007881
2016-11-16,740.28,3.89,9.29,0.001772,6.58,0.007842
2016-11-17,737.53,3.88,9.11,0.00182,6.79,0.007726999999999999
2016-11-18,746.96,3.93,8.9,0.001807,6.72,0.007778
2016-11-19,747.89,3.92,8.48,0.001796,6.55,0.007798999999999999
2016-11-20,728.51,3.88,8.5,0.00176,6.58,0.0076510000000000015
2016-11-21,736.19,3.92,8.54,0.001755,6.8,0.007566
2016-11-22,749.34,3.91,8.67,0.0017350000000000002,7.69,0.0074340000000000005
2016-11-23,741.07,3.9,8.52,0.0017329999999999995,7.91,0.007061
2016-11-24,735.31,3.86,9.04,0.001691,7.81,0.00695
2016-11-25,740.39,3.88,9.01,0.0017219999999999998,7.54,0.006901999999999999
2016-11-26,734.14,3.85,8.98,0.0016489999999999999,7.62,0.007390000000000002
2016-11-27,729.42,3.86,9.01,0.0016649999999999998,7.93,0.0070739999999999996
2016-11-28,733.3,3.87,9.0,0.001655,7.89,0.0070079999999999995
2016-11-29,732.56,3.84,8.82,0.001667,7.6,0.00678
2016-11-30,742.49,3.87,8.96,0.001629,8.95,0.006723000000000001
2016-12-01,752.63,3.89,8.63,0.0016190000000000002,8.58,0.006702
2016-12-02,770.94,3.9,8.57,0.001529,8.23,0.006659999999999999
2016-12-03,764.24,3.89,8.72,0.001592,8.27,0.006587999999999999
2016-12-04,766.39,3.89,8.66,0.001532,7.8,0.006527
2016-12-05,754.34,3.49,8.55,0.001542,7.91,0.0064340000000000005
2016-12-06,758.21,3.5,8.6,0.002666,7.54,0.0066549999999999995
2016-12-07,765.56,3.63,8.63,0.0027670000000000004,7.89,0.006851
2016-12-08,768.49,3.67,8.67,0.002421,7.79,0.007097
2016-12-09,770.48,3.67,8.68,0.002545,7.95,0.007135
2016-12-10,774.0,3.67,8.84,0.0022329999999999997,7.78,0.006816
2016-12-11,767.91,3.63,9.34,0.002353,7.91,0.006744
2016-12-12,778.47,3.65,9.08,0.0022719999999999997,8.05,0.006778
2016-12-13,778.74,3.63,9.24,0.0021579999999999998,8.11,0.0067079999999999996
2016-12-14,776.5,3.61,9.25,0.00215,8.41,0.006705
2016-12-15,775.21,3.63,9.35,0.002802,8.42,0.006662
2016-12-16,782.05,3.62,9.75,0.003123,8.51,0.00671
2016-12-17,787.17,3.67,9.52,0.0027719999999999997,8.32,0.006541
2016-12-18,789.01,3.66,9.84,0.0029,8.61,0.006573999999999999
2016-12-19,789.79,3.64,10.14,0.002868,8.63,0.0065450000000000005
2016-12-20,799.1,3.64,10.17,0.002836,8.43,0.0065
2016-12-21,829.21,3.63,9.84,0.00281,8.28,0.006445
2016-12-22,860.15,3.67,9.7,0.002751,8.9,0.006363000000000001
2016-12-23,917.17,4.41,9.31,0.002646,9.55,0.006286
2016-12-24,891.07,4.38,9.68,0.002691,9.65,0.0063490000000000005
2016-12-25,891.07,4.22,9.85,0.002578,9.73,0.006444
2016-12-26,898.38,4.2,9.71,0.002657,10.27,0.006326
2016-12-27,925.78,4.3,9.53,0.002543,12.69,0.0061990000000000005
2016-12-28,972.17,4.42,9.86,0.002509,14.09,0.006173
2016-12-29,971.08,4.47,10.56,0.002559,13.13,0.006340999999999999
2016-12-30,959.04,4.35,10.92,0.0025440000000000003,12.97,0.006426
2016-12-31,963.38,4.32,11.13,0.0024690000000000003,13.78,0.006449
2017-01-01,995.44,4.42,11.06,0.0024809999999999997,13.97,0.006368
2017-01-02,1017.05,4.54,11.62,0.002477,16.05,0.006311
2017-01-03,1033.3,4.51,12.22,0.002554,16.09,0.006386
2017-01-04,1135.41,4.42,15.49,0.002735,18.53,0.00657
2017-01-05,989.35,4.16,13.63,0.002598,16.19,0.006201
2017-01-06,886.16,3.76,11.21,0.002494,14.03,0.006314999999999999
2017-01-07,888.87,3.82,11.72,0.002396,13.06,0.006365999999999999
2017-01-08,900.86,3.91,12.31,0.002355,13.47,0.006233
2017-01-09,899.78,4.25,12.12,0.0023469999999999997,13.74,0.006167
2017-01-10,904.37,4.47,12.16,0.002355,13.39,0.006698000000000001
2017-01-11,785.43,3.84,11.14,0.002089,11.64,0.006411
2017-01-12,810.11,3.94,12.17,0.002475,11.85,0.006423000000000001
2017-01-13,824.83,3.86,12.35,0.002398,11.27,0.006595999999999999
2017-01-14,819.63,3.89,12.25,0.002472,11.09,0.006862999999999999
2017-01-15,821.17,3.85,12.26,0.002441,10.76,0.006726
2017-01-16,827.34,3.82,12.8,0.00238,10.64,0.006788
2017-01-17,899.66,3.89,14.04,0.002545,12.39,0.0068
2017-01-18,872.03,3.8,13.79,0.0024809999999999997,12.05,0.0067090000000000006
2017-01-19,895.21,3.82,15.01,0.002349,12.15,0.007034
2017-01-20,892.91,3.84,14.9,0.002357,11.91,0.006675
2017-01-21,919.84,3.85,14.79,0.002301,12.03,0.006706
2017-01-22,918.84,3.81,14.98,0.002336,12.18,0.006712999999999999
2017-01-23,921.46,3.82,15.03,0.002332,12.25,0.006697
2017-01-24,893.75,3.75,14.03,0.002234,11.81,0.006540000000000001
2017-01-25,894.41,3.66,14.26,0.002157,11.83,0.006513
2017-01-26,915.56,3.81,14.75,0.0021969999999999997,11.98,0.006690000000000001
2017-01-27,918.01,3.85,15.13,0.002196,12.1,0.0064150000000000006
2017-01-28,918.51,3.84,15.09,0.0021920000000000004,12.85,0.006342
2017-01-29,914.55,3.82,15.27,0.002225,12.66,0.006402
2017-01-30,920.73,3.99,15.79,0.0024579999999999997,12.71,0.006381
2017-01-31,965.49,4.02,15.94,0.0023710000000000003,12.99,0.006314
2017-02-01,982.43,4.0,15.69,0.002357,13.27,0.006540000000000001
2017-02-02,1003.97,4.03,16.01,0.00242,13.14,0.006469
2017-02-03,1013.02,3.99,16.9,0.0023989999999999997,12.86,0.006474
2017-02-04,1031.85,3.96,16.88,0.002391,12.61,0.006492
2017-02-05,1016.11,3.97,16.51,0.002344,12.8,0.006442
2017-02-06,1024.67,3.93,16.5,0.002369,12.88,0.00645
2017-02-07,1049.56,3.93,16.82,0.0023190000000000003,12.65,0.0064069999999999995
2017-02-08,1055.49,3.93,16.89,0.002235,12.8,0.006437999999999999
2017-02-09,978.96,3.67,16.05,0.0021550000000000002,12.12,0.006374
2017-02-10,997.61,3.76,16.91,0.002141,11.98,0.006289
2017-02-11,1008.32,3.81,17.06,0.002111,12.24,0.006333
2017-02-12,996.52,3.73,16.81,0.00209,12.33,0.006268999999999999
2017-02-13,995.36,3.74,16.72,0.0020670000000000003,12.2,0.006251
2017-02-14,1008.34,3.8,18.04,0.00209,12.99,0.006278
2017-02-15,1008.19,3.81,19.39,0.002224,13.62,0.006147
2017-02-16,1031.93,3.84,19.27,0.002139,13.1,0.006027
2017-02-17,1049.41,3.83,19.75,0.002093,13.3,0.005935
2017-02-18,1052.28,3.78,21.07,0.0020210000000000002,13.36,0.005569
2017-02-19,1048.89,3.75,22.22,0.002014,12.99,0.005878
2017-02-20,1077.56,3.73,21.17,0.002052,12.22,0.005873
2017-02-21,1119.03,3.78,20.86,0.001997,12.34,0.005832
2017-02-22,1120.46,3.8,21.5,0.002008,12.77,0.00586
2017-02-23,1171.91,3.8,24.42,0.001927,12.87,0.005895
2017-02-24,1176.49,3.87,25.52,0.0018850000000000002,11.92,0.0057009999999999995
2017-02-25,1149.05,3.85,26.6,0.0018809999999999999,11.85,0.005665
2017-02-26,1171.58,3.82,27.64,0.001875,11.89,0.005671
2017-02-27,1188.83,3.83,27.92,0.0017739999999999995,11.96,0.005609
2017-02-28,1189.27,3.77,32.43,0.001843,12.28,0.005536
2017-03-01,1222.66,3.8,41.4,0.0017239999999999998,12.33,0.005408
2017-03-02,1255.47,3.96,42.13,0.0017870000000000004,13.11,0.005991
2017-03-03,1283.3,4.02,47.25,0.0017629999999999996,13.91,0.006339
2017-03-04,1264.32,3.98,43.02,0.0017530000000000002,13.67,0.006299
2017-03-05,1271.22,3.97,42.0,0.001738,15.18,0.006129
2017-03-06,1277.01,4.05,45.8,0.001876,15.41,0.006057
2017-03-07,1232.69,3.96,45.41,0.0020109999999999998,13.53,0.006534000000000001
2017-03-08,1146.97,3.8,41.33,0.001835,12.47,0.006509
2017-03-09,1191.33,3.89,50.39,0.00179,13.03,0.006498
2017-03-10,1112.39,3.78,49.67,0.0017329999999999995,13.21,0.006227
2017-03-11,1179.22,3.8,72.56,0.0017879999999999999,14.69,0.0062380000000000005
2017-03-12,1225.11,3.87,76.03,0.001847,16.79,0.006255
2017-03-13,1238.19,4.36,74.64,0.0019649999999999997,18.13,0.006385
2017-03-14,1243.14,4.17,87.69,0.001918,17.76,0.006381
2017-03-15,1253.43,4.26,96.0,0.001953,18.98,0.006314
2017-03-16,1172.88,4.33,89.49,0.00197,22.48,0.0063939999999999995
2017-03-17,1071.71,4.2,98.52,0.001957,22.35,0.006116
2017-03-18,971.38,4.05,108.74,0.001877,20.07,0.00671
2017-03-19,1022.6,3.98,108.59,0.001916,23.29,0.006912000000000001
2017-03-20,1047.51,4.12,101.87,0.001995,22.51,0.006975
2017-03-21,1121.29,4.09,98.08,0.002187,21.29,0.006909
2017-03-22,1044.72,3.98,103.45,0.001983,21.42,0.007301
2017-03-23,1035.03,4.02,102.43,0.002251,21.82,0.010582
2017-03-24,939.7,4.18,101.94,0.0021079999999999996,21.1,0.010518000000000001
2017-03-25,966.3,4.13,94.99,0.002016,20.14,0.009115999999999999
2017-03-26,969.44,4.1,94.13,0.002018,19.61,0.009545
2017-03-27,1045.14,4.1,84.99,0.0018920000000000002,19.66,0.009597
2017-03-28,1044.42,4.2,87.66,0.002043,19.81,0.009514
2017-03-29,1041.9,4.32,84.76,0.001973,21.14,0.010101
2017-03-30,1037.91,7.5,78.45,0.002302,20.88,0.013276
2017-03-31,1079.11,7.1,72.4,0.002356,20.54,0.020888999999999998
2017-04-01,1086.12,7.48,67.42,0.0026309999999999997,21.5,0.021892
2017-04-02,1097.4,8.22,56.0,0.004183,20.14,0.06115900000000001
2017-04-03,1147.56,8.57,62.45,0.003124,20.33,0.033023000000000004
2017-04-04,1141.77,8.97,68.64,0.003046,21.35,0.037455
2017-04-05,1129.87,12.39,74.04,0.0031309999999999997,19.62,0.035544
2017-04-06,1188.7,10.7,66.06,0.0028239999999999997,19.27,0.032665
2017-04-07,1190.49,9.89,66.14,0.0027670000000000004,19.39,0.03632
2017-04-08,1180.78,10.66,67.24,0.00292,20.83,0.035849
2017-04-09,1204.34,9.21,65.04,0.002745,20.68,0.03402
2017-04-10,1206.71,9.8,61.39,0.002788,21.83,0.033598
2017-04-11,1220.74,9.66,60.87,0.002782,21.36,0.032951999999999995
2017-04-12,1212.53,11.6,67.4,0.003036,21.76,0.034336
2017-04-13,1176.2,11.06,72.81,0.0030600000000000002,21.48,0.034383
2017-04-14,1177.33,11.67,71.8,0.003128,20.59,0.033779
2017-04-15,1176.99,11.67,74.71,0.003385,20.71,0.033955
2017-04-16,1176.8,11.73,75.19,0.003737,20.46,0.033462
2017-04-17,1194.01,11.26,75.44,0.0035549999999999996,20.56,0.033655000000000004
2017-04-18,1206.09,11.06,72.47,0.003706,21.06,0.033184
2017-04-19,1215.2,10.29,72.34,0.003574000000000001,20.39,0.030173000000000002
2017-04-20,1238.09,10.97,71.04,0.003368,20.24,0.029983999999999997
2017-04-21,1249.64,12.0,70.84,0.0034659999999999995,20.29,0.032779
2017-04-22,1240.89,14.05,70.96,0.0035060000000000004,20.12,0.03177
2017-04-23,1249.14,15.15,70.24,0.0035060000000000004,19.72,0.031278
2017-04-24,1248.18,14.87,71.63,0.0038399999999999997,19.56,0.031383999999999995
2017-04-25,1264.31,15.06,71.2,0.0038079999999999998,19.65,0.032346
2017-04-26,1286.63,14.89,71.31,0.0038350000000000003,19.37,0.032797
2017-04-27,1332.91,14.66,77.71,0.0039700000000000004,21.21,0.034816
2017-04-28,1329.62,14.25,78.55,0.0045509999999999995,22.35,0.044475
2017-04-29,1336.28,15.75,93.07,0.004971,22.76,0.052868
2017-04-30,1351.91,15.63,89.36,0.00484,23.72,0.05160700000000002
2017-05-01,1415.81,15.74,84.77,0.005138,22.77,0.055115
2017-05-02,1445.93,15.57,83.73,0.004834000000000001,23.04,0.053908000000000005
2017-05-03,1485.55,20.53,85.59,0.005197,25.2,0.060489999999999995
2017-05-04,1516.76,22.95,86.45,0.006628,25.99,0.078914
2017-05-05,1507.77,25.2,92.55,0.010877,28.45,0.093551
2017-05-06,1545.29,27.46,94.38,0.021343,28.98,0.10179099999999999
2017-05-07,1554.45,29.5,100.93,0.043983999999999995,32.78,0.141763
2017-05-08,1664.47,28.1,95.87,0.03988,30.47,0.198212
2017-05-09,1697.5,31.77,86.73,0.027647,28.66,0.160074
2017-05-10,1752.31,31.28,87.65,0.031376,29.84,0.186066
2017-05-11,1819.29,29.88,88.63,0.036203,29.51,0.183135
2017-05-12,1686.39,26.76,85.23,0.040706,28.68,0.20606799999999997
2017-05-13,1763.74,28.14,86.99,0.037586,28.47,0.214878
2017-05-14,1772.55,28.07,87.28,0.038648,28.53,0.220223
2017-05-15,1708.92,24.5,88.75,0.043552,27.79,0.27071999999999996
2017-05-16,1729.34,22.83,83.32,0.049368,26.26,0.34986100000000003
2017-05-17,1801.3,25.06,81.85,0.048568,26.93,0.39413200000000004
2017-05-18,1880.99,27.88,87.19,0.04627,30.33,0.364869
2017-05-19,1962.0,27.27,96.14,0.049576,31.87,0.327801
2017-05-20,2040.18,27.42,97.39,0.053888,35.1,0.351634
2017-05-21,2044.19,26.02,99.85,0.060842999999999994,34.64,0.336201
2017-05-22,2124.41,24.79,119.34,0.051003,36.17,0.317954
2017-05-23,2272.58,31.36,131.8,0.0555,55.62,0.323368
2017-05-24,2445.28,34.8,142.5,0.051364,45.38,0.29589
2017-05-25,2307.22,28.32,115.71,0.040021,40.12,0.246065
2017-05-26,2244.89,24.45,108.95,0.041065,38.71,0.271808
2017-05-27,2052.43,22.83,96.58,0.033024,33.41,0.212549
2017-05-28,2189.02,23.89,104.97,0.035364,36.84,0.229554
2017-05-29,2278.21,25.33,114.1,0.037044,41.21,0.23206999999999997
2017-05-30,2192.55,23.89,119.19,0.031009,39.79,0.20532399999999998
2017-05-31,2303.34,25.91,132.69,0.034273000000000005,41.83,0.24659
2017-06-01,2412.65,27.55,133.53,0.043069,43.7,0.33365700000000004
2017-06-02,2492.6,28.27,142.91,0.040226,44.0,0.303448
2017-06-03,2545.43,27.27,140.9,0.039294,42.37,0.29458
2017-06-04,2524.06,27.89,141.66,0.039989,42.9,0.299413
2017-06-05,2704.96,30.78,143.89,0.041507,48.26,0.294003
2017-06-06,2870.5,30.07,140.87,0.045406999999999996,55.57,0.284548
2017-06-07,2691.51,28.47,138.41,0.047098,52.54,0.279783
2017-06-08,2798.78,29.9,141.22,0.05042,56.19,0.28967800000000005
2017-06-09,2811.43,29.54,144.86,0.047356,55.62,0.286019
2017-06-10,2900.25,30.06,148.47,0.042866,52.28,0.260874
2017-06-11,2973.45,33.63,181.73,0.045915,58.7,0.27275900000000003
2017-06-12,2656.77,28.98,167.8,0.039988,50.04,0.25396399999999997
2017-06-13,2712.99,30.38,180.21,0.04186,51.8,0.26615300000000003
2017-06-14,2467.27,29.19,163.26,0.039827999999999995,46.3,0.278447
2017-06-15,2442.46,29.29,161.08,0.037439,46.02,0.259266
2017-06-16,2508.58,34.12,162.18,0.037536,48.11,0.26206799999999997
2017-06-17,2655.1,45.8,175.27,0.039251,50.46,0.268351
2017-06-18,2539.56,43.8,187.06,0.038332,49.6,0.2846
2017-06-19,2616.82,47.37,194.5,0.040251999999999996,49.09,0.296068
2017-06-20,2754.38,45.68,188.17,0.039366000000000005,48.08,0.324427
2017-06-21,2677.62,44.5,178.96,0.038124,46.59,0.29636599999999996
2017-06-22,2722.84,46.16,180.85,0.03872,47.28,0.297848
2017-06-23,2710.37,46.0,184.69,0.041397,51.41,0.31997800000000004
2017-06-24,2590.05,42.7,177.99,0.03821,48.03,0.31111
2017-06-25,2541.62,41.28,169.59,0.033373,45.89,0.298423
2017-06-26,2446.05,38.53,160.72,0.030218000000000002,43.49,0.27728800000000003
2017-06-27,2583.75,40.24,172.98,0.029113,43.57,0.276306
2017-06-28,2577.74,41.89,179.62,0.031998,47.32,0.280455
2017-06-29,2558.37,40.13,172.13,0.029039,45.02,0.265421
2017-06-30,2480.61,39.48,173.7,0.026987999999999998,43.73,0.26293
2017-07-01,2424.61,38.08,162.01,0.024465999999999998,40.96,0.254744
2017-07-02,2536.46,41.26,169.78,0.025706,42.79,0.259449
2017-07-03,2572.47,45.34,178.55,0.026266,43.63,0.259959
2017-07-04,2617.32,54.51,181.4,0.02575,45.47,0.254709
2017-07-05,2627.86,52.92,204.92,0.025441,45.72,0.256523
2017-07-06,2614.24,51.04,207.71,0.025418,50.12,0.254641
2017-07-07,2513.88,46.1,190.59,0.020415,44.25,0.23948000000000005
2017-07-08,2564.86,51.22,208.1,0.021597,46.1,0.236134
2017-07-09,2511.43,48.63,195.49,0.019499000000000002,44.85,0.23341599999999998
2017-07-10,2344.02,45.0,174.07,0.015137000000000001,40.01,0.203165
2017-07-11,2324.29,43.98,162.62,0.014518000000000001,37.14,0.18501900000000002
2017-07-12,2403.09,47.14,177.73,0.017907,40.39,0.205354
2017-07-13,2362.44,45.69,167.74,0.017351,38.23,0.200809
2017-07-14,2234.17,42.46,159.51,0.016321000000000002,35.48,0.190769
2017-07-15,1975.08,38.41,141.88,0.017618,32.09,0.17058900000000002
2017-07-16,1914.09,40.7,131.35,0.015653999999999998,29.43,0.148056
2017-07-17,2233.39,42.17,149.99,0.018614,34.83,0.17788900000000002
2017-07-18,2320.23,43.35,154.61,0.018666,36.38,0.188718
2017-07-19,2282.58,40.11,153.52,0.017256,35.06,0.168388
2017-07-20,2866.02,44.35,182.7,0.018859,40.3,0.18829500000000002
2017-07-21,2675.08,45.2,182.04,0.019201,40.34,0.182608
2017-07-22,2836.53,46.47,190.17,0.022877,44.71,0.19332
2017-07-23,2756.61,44.67,188.71,0.021769,42.67,0.19505799999999998
2017-07-24,2763.42,44.77,201.48,0.022605,45.58,0.192002
2017-07-25,2582.58,42.3,193.45,0.018550999999999998,40.68,0.17810399999999998
2017-07-26,2559.21,42.03,192.22,0.018878,45.8,0.173822
2017-07-27,2691.88,41.89,193.71,0.018322,45.24,0.173457
2017-07-28,2806.75,40.43,184.58,0.016961,43.96,0.165937
2017-07-29,2733.5,41.07,185.5,0.017447,43.89,0.169871
2017-07-30,2766.49,40.61,171.41,0.015984,39.62,0.165082
2017-07-31,2883.27,42.38,175.72,0.016094999999999998,39.84,0.16738599999999998
2017-08-01,2746.99,43.16,184.04,0.017933,44.15,0.177053
2017-08-02,2720.53,41.92,181.6,0.018413,43.63,0.17311300000000002
2017-08-03,2809.99,42.75,187.64,0.01886,43.36,0.174612
2017-08-04,2878.49,43.31,187.09,0.022241,45.12,0.173743
2017-08-05,3262.8,46.24,192.0,0.023984000000000002,48.58,0.18473699999999998
2017-08-06,3232.03,45.56,188.77,0.022701,47.83,0.180444
2017-08-07,3401.91,46.11,196.64,0.022195,50.21,0.179021
2017-08-08,3429.38,49.13,203.31,0.023737,51.94,0.19258599999999998
2017-08-09,3348.79,47.78,198.94,0.022996,50.96,0.182947
2017-08-10,3425.67,46.97,201.01,0.022007,49.47,0.180399
2017-08-11,3654.37,47.11,205.66,0.021480000000000003,50.65,0.179307
2017-08-12,3871.62,46.27,204.29,0.020218,49.37,0.173853
2017-08-13,4062.6,45.49,196.9,0.01825,47.76,0.16809200000000002
2017-08-14,4327.94,45.7,198.74,0.017622,49.75,0.169991
2017-08-15,4161.66,43.17,202.64,0.017433,48.74,0.161221
2017-08-16,4387.4,43.97,231.08,0.017702000000000002,48.78,0.160431
2017-08-17,4278.92,43.83,234.74,0.017327000000000002,47.45,0.157498
2017-08-18,4105.37,46.74,222.63,0.016842,46.69,0.158883
2017-08-19,4150.45,45.19,286.58,0.016513,55.96,0.155057
2017-08-20,4066.6,45.81,291.51,0.017631,54.71,0.158735
2017-08-21,4005.1,48.09,281.22,0.019753,77.82,0.191918
2017-08-22,4089.7,46.4,291.76,0.021624,91.16,0.23928600000000005
2017-08-23,4141.09,53.44,292.46,0.020222,90.33,0.246827
2017-08-24,4318.35,50.36,313.34,0.019024,86.29,0.21895799999999999
2017-08-25,4364.41,51.09,314.96,0.020497,108.26,0.21782800000000002
2017-08-26,4352.3,51.58,396.74,0.021208,138.05,0.212577
2017-08-27,4345.75,61.08,362.9,0.019785,130.68,0.202995
2017-08-28,4390.31,62.36,356.56,0.020525,145.4,0.22450799999999999
2017-08-29,4597.31,63.76,360.1,0.020104,133.04,0.21856399999999998
2017-08-30,4583.02,65.97,371.61,0.021224,132.38,0.228006
2017-08-31,4735.11,73.03,380.77,0.022405,140.41,0.25563
2017-09-01,4921.85,87.88,395.46,0.023954,141.2,0.248479
2017-09-02,4573.8,79.18,348.09,0.020837,124.8,0.226669
2017-09-03,4612.92,79.04,356.27,0.021296000000000002,126.01,0.22881100000000001
2017-09-04,4267.45,68.89,313.65,0.017625,106.17,0.20496799999999998
2017-09-05,4409.08,73.73,326.74,0.018567,118.82,0.215189
2017-09-06,4618.71,81.44,349.76,0.020346,121.63,0.22618600000000005
2017-09-07,4635.6,80.25,346.98,0.020096,120.84,0.22364
2017-09-08,4326.45,73.19,330.89,0.017447,118.04,0.21151799999999998
2017-09-09,4335.13,71.09,324.84,0.017095,116.27,0.209995
2017-09-10,4245.89,67.08,324.26,0.016269,112.33,0.213031
2017-09-11,4217.9,68.13,317.75,0.016993,112.75,0.214441
2017-09-12,4158.92,65.89,326.59,0.016324,111.89,0.20930300000000002
2017-09-13,3870.29,61.78,298.96,0.015328,111.33,0.20077799999999998
2017-09-14,3243.08,45.2,240.08,0.011038,83.04,0.164167
2017-09-15,3713.76,52.0,285.56,0.012097,99.85,0.181358
2017-09-16,3698.92,52.1,300.27,0.011699,95.29,0.179082
2017-09-17,3689.61,51.0,312.09,0.011211,93.74,0.178393
2017-09-18,4100.28,56.16,335.58,0.013455000000000002,100.57,0.18976800000000002
2017-09-19,3907.96,52.8,325.95,0.011795,97.72,0.184041
2017-09-20,3882.16,51.56,342.58,0.012236,95.57,0.182078
2017-09-21,3617.27,46.46,329.85,0.0106,86.24,0.171754
2017-09-22,3600.83,47.67,342.61,0.010776,88.17,0.17351
2017-09-23,3788.02,49.29,351.08,0.011895999999999999,91.85,0.17788199999999998
2017-09-24,3667.52,47.5,329.2,0.011563,89.5,0.175787
2017-09-25,3932.83,52.27,348.22,0.012073,93.64,0.18148699999999998
2017-09-26,3892.7,52.27,341.7,0.012388,93.13,0.186119
2017-09-27,4212.2,56.9,350.51,0.014378,101.04,0.203299
2017-09-28,4195.65,54.91,342.36,0.013863,97.23,0.196131
2017-09-29,4172.79,52.8,328.7,0.013203999999999999,94.5,0.193606
2017-09-30,4360.62,55.41,329.58,0.013858,95.76,0.197529
2017-10-01,4403.09,54.8,317.01,0.013687999999999999,93.22,0.20653200000000002
2017-10-02,4401.32,53.29,307.98,0.012962000000000001,91.54,0.202676
2017-10-03,4314.18,52.15,294.5,0.012404,92.96,0.203318
2017-10-04,4218.66,51.22,303.32,0.011851,90.41,0.21477399999999996
2017-10-05,4321.44,51.64,305.35,0.014575999999999999,91.86,0.23701599999999998
2017-10-06,4371.94,52.08,305.95,0.018403,91.19,0.234039
2017-10-07,4435.81,52.57,311.52,0.020959000000000002,91.7,0.23861
2017-10-08,4611.7,53.3,301.97,0.018598,89.77,0.279944
2017-10-09,4777.49,50.08,282.33,0.017601,85.49,0.251825
2017-10-10,4763.36,50.58,290.93,0.018953,86.82,0.260733
2017-10-11,4824.2,50.79,298.21,0.01945,87.42,0.264439
2017-10-12,5432.62,59.72,290.81,0.017784,87.09,0.248414
2017-10-13,5637.26,59.05,308.82,0.01796,95.13,0.26048899999999997
2017-10-14,5824.71,63.94,316.35,0.017522,100.23,0.25732
2017-10-15,5688.14,65.57,308.89,0.018925,94.87,0.26398299999999997
2017-10-16,5759.33,64.76,302.16,0.036864999999999995,95.9,0.256232
2017-10-17,5598.58,59.19,299.48,0.045842,91.28,0.232064
2017-10-18,5575.83,60.55,296.19,0.035133,89.54,0.21852
2017-10-19,5698.65,59.68,293.7,0.031195,88.62,0.21515
2017-10-20,5993.11,60.09,287.54,0.026757,90.54,0.210549
2017-10-21,6006.65,58.09,276.66,0.036429,88.12,0.21101599999999998
2017-10-22,5982.86,56.51,273.86,0.031269,86.58,0.204177
2017-10-23,5903.61,54.63,279.39,0.033832,85.21,0.196928
2017-10-24,5513.08,55.56,291.0,0.036649,88.4,0.206644
2017-10-25,5734.0,56.19,286.19,0.035004,88.13,0.204604
2017-10-26,5887.61,55.55,284.86,0.034546,88.58,0.203628
2017-10-27,5764.56,55.02,280.56,0.034236,86.75,0.202785
2017-10-28,5726.61,54.22,273.53,0.031038,86.31,0.201835
2017-10-29,6147.52,56.75,282.92,0.030331,88.65,0.202785
2017-10-30,6124.28,56.22,284.93,0.031804,88.84,0.202711
2017-10-31,6451.24,55.5,277.23,0.029182,87.64,0.200558
2017-11-01,6737.78,52.83,269.64,0.027353,85.72,0.194124
2017-11-02,7024.81,54.19,263.22,0.027607,83.76,0.20586100000000002
2017-11-03,7152.12,55.98,276.79,0.027779,87.99,0.20813299999999998
2017-11-04,7363.8,54.83,273.45,0.027294,87.3,0.20375
2017-11-05,7389.55,54.6,272.22,0.026764999999999997,86.35,0.20205499999999998
2017-11-06,6959.23,54.5,273.87,0.02888,102.92,0.20599
2017-11-07,7102.75,60.52,288.95,0.030699,99.76,0.21035399999999999
2017-11-08,7444.36,62.38,313.2,0.033763,113.32,0.217437
2017-11-09,7129.59,64.15,325.37,0.039945999999999995,120.78,0.21748800000000001
2017-11-10,6565.8,58.99,325.89,0.033073000000000005,105.59,0.206483
2017-11-11,6339.86,62.14,343.43,0.033053,119.62,0.21043
2017-11-12,5878.13,58.54,487.14,0.028182,123.86,0.19733900000000001
2017-11-13,6522.45,61.0,421.66,0.030656,123.4,0.203442
2017-11-14,6597.06,62.13,420.93,0.036374000000000004,122.35,0.209825
2017-11-15,7283.22,63.16,420.68,0.037052999999999996,121.37,0.212956
2017-11-16,7853.68,70.7,419.44,0.037233999999999996,120.31,0.227107
2017-11-17,7699.95,67.36,423.94,0.035572,126.7,0.226581
2017-11-18,7780.91,69.42,453.55,0.036583,130.8,0.228627
2017-11-19,8042.64,71.76,442.39,0.036566,129.48,0.231016
2017-11-20,8244.69,72.38,485.96,0.038120999999999995,135.76,0.23875900000000005
2017-11-21,8099.97,69.91,491.66,0.037668,141.74,0.233271
2017-11-22,8234.55,72.03,573.66,0.042299,165.95,0.23885900000000002
2017-11-23,8013.41,72.94,561.55,0.040535,158.61,0.242402
2017-11-24,8200.8,77.54,560.92,0.040193,160.03,0.244642
2017-11-25,8754.69,88.79,636.12,0.043639,168.44,0.252393
2017-11-26,9318.42,86.24,616.45,0.048895999999999995,163.37,0.24881799999999998
2017-11-27,9733.2,90.99,623.72,0.059842999999999986,173.39,0.253927
2017-11-28,9906.04,94.22,609.83,0.081415,203.21,0.299152
2017-11-29,9837.86,85.41,667.55,0.064424,168.15,0.24306399999999997
2017-11-30,9946.76,85.94,758.71,0.072871,180.14,0.25087800000000005
2017-12-01,10861.47,99.15,781.52,0.089883,190.94,0.25569899999999995
2017-12-02,10912.73,99.32,764.95,0.093816,203.03,0.255492
2017-12-03,11246.21,100.7,759.93,0.089035,200.05,0.252558
2017-12-04,11623.91,103.87,764.64,0.09761,210.24,0.253571
2017-12-05,11667.13,100.49,731.29,0.12352300000000001,269.48,0.24610100000000001
2017-12-06,13749.57,98.97,667.35,0.151622,278.68,0.232544
2017-12-07,16850.31,96.0,660.26,0.133046,280.86,0.222823
2017-12-08,16047.61,125.24,700.25,0.13726,276.74,0.252125
2017-12-09,14843.42,155.98,707.95,0.135122,262.53,0.24470799999999998
2017-12-10,15059.6,147.84,669.63,0.11926300000000001,245.33,0.237333
2017-12-11,16732.47,214.54,755.55,0.144956,279.67,0.251691
2017-12-12,17083.9,328.52,881.35,0.156444,308.07,0.373541
2017-12-13,16286.82,305.27,871.76,0.149342,305.74,0.471063
2017-12-14,16467.91,279.81,927.76,0.188907,325.21,0.8642629999999999
2017-12-15,17604.85,300.27,891.11,0.19586199999999998,312.32,0.756181
2017-12-16,19345.49,302.04,987.53,0.232125,327.32,0.758642
2017-12-17,19065.71,319.57,1084.54,0.266621,351.37,0.728366
2017-12-18,18972.32,357.51,1142.44,0.276283,381.51,0.778407
2017-12-19,17523.7,346.87,1136.12,0.26431,377.24,0.791257
2017-12-20,16461.97,304.81,1433.41,0.252386,469.2,0.775964
2017-12-21,15632.12,307.69,1339.73,0.2572,417.98,1.19
2017-12-22,13664.97,262.09,1099.65,0.21671700000000002,346.11,1.14
2017-12-23,14396.46,284.11,1160.85,0.234179,382.04,1.17
2017-12-24,13789.95,272.24,1096.43,0.22445,337.06,1.04
2017-12-25,13833.49,268.21,1109.1,0.22851100000000002,360.78,1.12
2017-12-26,15756.56,279.49,1180.57,0.226018,381.54,1.19
2017-12-27,15416.64,264.07,1133.36,0.22922399999999998,421.85,1.4
2017-12-28,14398.7,249.86,1103.06,0.223544,378.9,1.43
2017-12-29,14392.57,243.13,1089.31,0.322941,377.37,2.21
2017-12-30,12531.52,212.07,943.14,0.323202,330.8,2.16
2017-12-31,13850.4,226.52,1013.89,0.360756,349.03,2.3
2018-01-01,13444.88,224.34,1019.42,0.480008,358.99,2.39
2018-01-02,14754.13,251.81,1162.47,0.564766,383.42,2.48
2018-01-03,15156.62,244.63,1129.89,0.896227,412.06,3.11
2018-01-04,15180.08,238.3,1120.12,0.72405,403.05,3.2
2018-01-05,16954.78,244.51,1080.88,0.662712,384.94,3.05
2018-01-06,17172.3,278.92,1160.35,0.7099449999999999,452.77,3.09
2018-01-07,16228.16,271.57,1161.98,0.699645,459.33,3.38
2018-01-08,14976.17,254.25,1080.36,0.629323,405.07,2.46
2018-01-09,14468.5,246.04,1107.16,0.585653,413.33,2.1
2018-01-10,14919.49,249.1,1098.33,0.56693,407.74,1.97
2018-01-11,13308.06,226.53,1000.42,0.558126,355.59,1.95
2018-01-12,13841.19,235.35,1049.49,0.67796,394.78,2.04
2018-01-13,14243.12,257.94,1098.15,0.671564,420.05,2.02
2018-01-14,13638.63,236.86,999.61,0.6308560000000001,399.52,1.86
2018-01-15,13631.98,231.89,934.66,0.599271,414.57,1.68
2018-01-16,11282.49,183.86,743.43,0.441197,320.04,1.18
2018-01-17,11162.7,188.21,794.79,0.477187,319.19,1.31
2018-01-18,11175.52,191.03,821.16,0.509523,316.47,1.6
2018-01-19,11521.76,192.27,843.87,0.506232,364.62,1.55
2018-01-20,12783.94,210.68,925.1,0.5346770000000001,383.79,1.58
2018-01-21,11549.93,190.73,818.96,0.464117,345.08,1.38
2018-01-22,10814.52,179.42,762.38,0.486338,315.9,1.36
2018-01-23,10858.23,177.92,759.58,0.48618500000000003,308.46,1.34
2018-01-24,11429.02,180.59,787.92,0.567014,317.4,1.36
2018-01-25,11175.87,178.97,794.15,0.6082529999999999,317.1,1.31
2018-01-26,11104.2,175.65,782.76,0.633916,323.68,1.22
2018-01-27,11459.71,180.71,779.15,0.613061,321.36,1.22
2018-01-28,11767.74,193.23,821.25,0.634421,332.17,1.4
2018-01-29,11233.95,180.45,770.75,0.589283,316.63,1.32
2018-01-30,10107.26,165.38,682.2,0.48964799999999997,274.02,1.14
2018-01-31,10226.86,162.93,701.95,0.539797,272.89,1.16
2018-02-01,9114.72,141.37,619.61,0.456455,240.96,0.9625299999999999
2018-02-02,8870.82,131.17,594.49,0.405075,235.63,0.884784
2018-02-03,9251.27,161.0,636.41,0.4300560000000001,251.59,0.9240430000000001
2018-02-04,8218.05,147.55,546.5,0.377231,221.05,0.815703
2018-02-05,6937.08,125.04,451.27,0.331192,179.49,0.6917989999999999
2018-02-06,7701.25,141.85,523.06,0.370811,212.29,0.776393
2018-02-07,7592.72,137.84,520.83,0.342125,207.27,0.723895
2018-02-08,8260.69,149.48,604.92,0.363565,247.22,0.8052630000000001
2018-02-09,8696.83,163.9,635.73,0.401068,260.43,0.954428
2018-02-10,8569.29,154.91,631.42,0.406856,250.03,1.07
2018-02-11,8084.61,149.06,577.95,0.37000500000000003,229.49,1.0
2018-02-12,8911.27,161.4,616.93,0.395649,247.57,1.08
2018-02-13,8544.69,159.05,592.84,0.41061400000000003,234.69,1.03
2018-02-14,9485.64,212.01,677.41,0.453888,276.66,1.14
2018-02-15,10033.75,221.08,696.01,0.453556,303.25,1.15
2018-02-16,10188.73,228.39,694.16,0.455446,296.48,1.14
2018-02-17,11097.21,229.41,739.43,0.479075,325.67,1.2
2018-02-18,10417.23,214.22,686.1,0.450399,300.12,1.12
2018-02-19,11182.28,221.97,727.72,0.45293199999999995,316.49,1.14
2018-02-20,11256.43,229.38,686.25,0.402289,304.4,1.09
2018-02-21,10481.66,210.26,661.47,0.39676500000000003,322.61,1.02
2018-02-22,9847.96,192.91,629.41,0.36644699999999997,282.76,0.941788
2018-02-23,10175.51,206.6,632.1,0.38198499999999996,285.71,0.9988549999999999
2018-02-24,9705.73,206.35,591.64,0.355163,273.79,0.9544020000000001
2018-02-25,9610.11,218.31,593.21,0.357302,281.02,0.9434870000000001
2018-02-26,10326.5,218.62,623.38,0.364579,293.61,0.956859
2018-02-27,10594.76,215.15,612.05,0.362051,302.54,0.947305
2018-02-28,10334.44,202.14,585.69,0.333916,285.7,0.904583
2018-03-01,10929.37,209.32,621.06,0.339314,314.04,0.9283469999999999
2018-03-02,11043.12,212.59,605.83,0.32010700000000003,344.73,0.9101440000000001
2018-03-03,11465.36,210.29,613.87,0.350168,352.95,0.907804
2018-03-04,11504.42,213.36,621.98,0.36193000000000003,368.97,1.01
2018-03-05,11440.73,210.8,615.21,0.352031,373.25,0.959368
2018-03-06,10735.45,196.58,583.01,0.337911,346.4,0.9228870000000001
2018-03-07,9928.56,186.04,514.9,0.32910300000000003,339.15,0.87121
2018-03-08,9316.72,175.82,496.69,0.311938,278.64,0.825857
2018-03-09,9252.76,186.38,502.01,0.311859,288.09,0.8497610000000001
2018-03-10,8797.27,177.3,487.49,0.292661,257.04,0.7966270000000001
2018-03-11,9544.84,188.39,530.25,0.304217,282.35,0.8311219999999999
2018-03-12,9142.15,177.85,502.39,0.291765,259.42,0.801048
2018-03-13,9160.12,175.47,490.76,0.290193,248.07,0.7897109999999999
2018-03-14,8217.7,160.77,432.82,0.248689,215.56,0.701902
2018-03-15,8268.41,164.28,419.05,0.240655,213.31,0.6972689999999999
2018-03-16,8283.23,164.95,430.82,0.22999099999999997,215.7,0.68926
2018-03-17,7883.45,152.65,392.9,0.206731,197.91,0.6378560000000001
2018-03-18,8215.4,153.94,397.33,0.220473,209.63,0.6587770000000001
2018-03-19,8623.14,161.51,413.41,0.250226,216.77,0.74908
2018-03-20,8920.71,169.09,429.95,0.267968,223.74,0.709808
2018-03-21,8911.35,168.71,434.61,0.25463600000000003,218.63,0.6936640000000001
2018-03-22,8724.98,163.93,412.43,0.24321199999999998,212.71,0.6627430000000001
2018-03-23,8934.8,168.85,432.54,0.23614699999999997,213.91,0.643174
2018-03-24,8548.06,159.05,423.05,0.235422,209.16,0.641265
2018-03-25,8472.84,160.31,414.64,0.239952,211.78,0.641875
2018-03-26,8152.2,148.28,391.36,0.228861,197.18,0.599463
2018-03-27,7808.48,134.88,356.63,0.216033,187.93,0.577917
2018-03-28,7959.78,131.66,353.02,0.21925100000000008,199.16,0.578002
2018-03-29,7106.62,114.66,330.94,0.19081900000000002,176.86,0.5115109999999999
2018-03-30,6853.76,118.49,312.93,0.18873299999999998,172.36,0.5095649999999999
2018-03-31,6943.77,116.32,310.25,0.20677800000000002,179.56,0.512353
2018-04-01,6835.84,115.11,295.51,0.20658200000000002,175.51,0.48508100000000004
2018-04-02,7074.6,119.26,316.25,0.22487800000000002,177.51,0.500688
2018-04-03,7434.3,134.23,342.12,0.23569099999999998,189.54,0.558044
2018-04-04,6815.5,118.36,303.13,0.20410799999999998,170.1,0.501631
2018-04-05,6790.45,118.76,304.26,0.19794,173.31,0.4958010000000001
2018-04-06,6634.86,113.18,289.86,0.19331700000000002,162.0,0.4764310000000001
2018-04-07,6917.2,116.2,299.67,0.20185899999999998,170.12,0.487867
2018-04-08,7049.92,117.87,312.4,0.206377,173.97,0.500398
2018-04-09,6789.53,115.02,299.83,0.19733299999999998,167.07,0.49185500000000004
2018-04-10,6871.07,114.41,302.55,0.199344,165.57,0.4919310000000001
2018-04-11,6977.13,118.4,312.69,0.212337,169.16,0.539506
2018-04-12,7927.73,129.71,359.74,0.24211999999999997,191.94,0.628737
2018-04-13,7899.11,125.57,354.55,0.24629,188.87,0.638087
2018-04-14,8022.51,126.53,360.47,0.250668,190.42,0.632184
2018-04-15,8376.73,132.7,384.75,0.290722,200.62,0.682534
2018-04-16,8079.77,128.84,366.4,0.284156,194.1,0.663297
2018-04-17,7921.63,132.34,368.14,0.300202,195.75,0.656933
2018-04-18,8189.96,140.48,423.32,0.351544,228.35,0.708932
2018-04-19,8301.82,146.58,435.06,0.36612,238.61,0.791976
2018-04-20,8877.08,155.73,462.76,0.391165,271.98,0.924465
2018-04-21,8935.72,148.5,445.29,0.375663,258.18,0.8731030000000001
2018-04-22,8823.36,146.67,470.29,0.368139,271.3,0.8699950000000001
2018-04-23,8968.25,152.64,506.47,0.372128,283.3,0.876657
2018-04-24,9655.77,164.69,525.86,0.40066999999999997,296.04,0.934781
2018-04-25,8873.62,144.99,462.98,0.339517,257.14,0.800607
2018-04-26,9282.12,153.22,504.34,0.387556,268.27,0.8524139999999999
2018-04-27,8938.47,145.87,471.39,0.391085,251.88,0.8138850000000001
2018-04-28,9351.47,151.96,496.35,0.428918,261.51,0.8638040000000001
2018-04-29,9407.04,153.43,499.2,0.458405,256.87,0.872778
2018-04-30,9248.45,148.27,472.87,0.424659,242.46,0.837938
2018-05-01,9077.28,147.99,478.77,0.439733,240.26,0.841407
2018-05-02,9232.19,151.21,487.08,0.43922700000000003,249.66,0.859094
2018-05-03,9745.04,161.22,504.51,0.437379,245.98,0.884466
2018-05-04,9699.61,168.73,487.3,0.43113999999999997,241.53,0.895442
2018-05-05,9845.9,178.16,508.83,0.430875,240.78,0.9051030000000001
2018-05-06,9644.92,171.66,485.68,0.412944,235.49,0.871424
2018-05-07,9377.81,164.23,457.66,0.395702,233.07,0.832641
2018-05-08,9196.13,159.04,442.59,0.386371,223.35,0.81397
2018-05-09,9321.16,156.78,443.22,0.37797,227.52,0.8020430000000001
2018-05-10,9032.22,148.24,418.42,0.353962,218.22,0.7582369999999999
2018-05-11,8421.0,136.47,391.92,0.314252,197.74,0.684948
2018-05-12,8486.67,141.82,404.09,0.359937,201.96,0.696735
2018-05-13,8709.46,144.41,416.48,0.375852,209.58,0.745748
2018-05-14,8672.9,147.39,432.87,0.36968,215.04,0.740898
2018-05-15,8480.16,139.56,426.74,0.348445,205.17,0.698588
2018-05-16,8344.78,139.32,412.6,0.334677,199.21,0.7140810000000001
2018-05-17,8071.04,132.63,387.94,0.31349699999999997,192.99,0.6673100000000001
2018-05-18,8247.91,136.19,394.26,0.319488,204.05,0.680294
2018-05-19,8249.24,135.14,384.73,0.317234,197.57,0.676713
2018-05-20,8533.0,139.58,401.17,0.33281,203.45,0.700244
2018-05-21,8419.65,134.28,384.27,0.31811500000000004,198.74,0.6815869999999999
2018-05-22,7992.75,128.13,358.15,0.301084,176.27,0.645567
2018-05-23,7505.77,118.7,339.94,0.280355,171.54,0.599594
2018-05-24,7584.74,122.88,345.36,0.291338,171.49,0.631997
2018-05-25,7475.36,119.07,339.63,0.288069,164.72,0.611001
2018-05-26,7355.06,118.44,322.61,0.284695,164.55,0.612708
2018-05-27,7362.23,117.96,316.56,0.276376,166.08,0.607881
2018-05-28,7118.88,111.17,286.96,0.25358200000000003,149.96,0.552299
2018-05-29,7474.75,119.5,316.54,0.28284499999999996,157.57,0.601241
2018-05-30,7393.02,117.23,304.69,0.27774699999999997,155.23,0.605817
2018-05-31,7502.15,118.38,305.01,0.29665199999999997,155.52,0.612622
2018-06-01,7530.55,120.2,315.79,0.290022,157.54,0.623364
2018-06-02,7643.26,123.62,321.79,0.298413,162.65,0.643451
2018-06-03,7719.75,125.18,329.82,0.302912,169.35,0.671205
2018-06-04,7503.2,119.96,317.75,0.292158,160.09,0.661425
2018-06-05,7629.4,122.08,318.68,0.294313,167.19,0.6770149999999999
2018-06-06,7661.79,121.49,315.09,0.298269,164.61,0.674797
2018-06-07,7700.11,121.63,315.72,0.29420599999999997,163.91,0.678128
2018-06-08,7627.52,119.99,310.71,0.287963,158.7,0.674343
2018-06-09,7513.69,117.46,297.75,0.281894,154.96,0.659755
2018-06-10,6773.72,106.75,270.25,0.247658,139.51,0.588126
2018-06-11,6887.37,107.22,270.62,0.25648200000000004,138.04,0.604066
2018-06-12,6556.94,100.04,259.99,0.23168899999999998,125.66,0.562933
2018-06-13,6310.43,93.74,245.79,0.221691,121.85,0.534663
2018-06-14,6643.26,101.02,267.56,0.2424260000000001,132.94,0.5613060000000001
2018-06-15,6396.71,95.55,255.3,0.234242,122.78,0.5377069999999999
2018-06-16,6503.1,96.7,267.66,0.234041,126.83,0.534784
2018-06-17,6457.78,94.98,265.65,0.232105,124.06,0.528216
2018-06-18,6714.82,98.73,264.96,0.234371,127.43,0.537495
2018-06-19,6741.28,98.66,260.94,0.23530900000000002,126.22,0.549621
2018-06-20,6761.27,97.85,265.87,0.232188,122.55,0.5392859999999999
2018-06-21,6720.64,96.7,261.03,0.22799699999999998,123.61,0.534775
2018-06-22,6051.47,84.96,236.56,0.203407,110.6,0.486947
2018-06-23,6166.54,82.97,245.47,0.203515,115.38,0.491284
2018-06-24,6157.78,80.62,238.55,0.193633,121.29,0.47738
2018-06-25,6260.35,81.61,241.26,0.19775299999999998,126.76,0.481753
2018-06-26,6088.39,75.83,230.79,0.18648399999999998,120.82,0.4560010000000001
2018-06-27,6141.57,80.73,229.16,0.189633,128.71,0.47036999999999995
2018-06-28,5871.28,74.19,221.34,0.178951,115.81,0.44845799999999997
2018-06-29,6203.8,79.04,235.35,0.18671,126.78,0.45308000000000004
2018-06-30,6385.38,81.12,239.4,0.193425,131.01,0.46624499999999997
2018-07-01,6339.04,79.89,236.01,0.198573,129.77,0.461358
2018-07-02,6615.66,85.49,249.42,0.21315100000000006,140.5,0.486122
2018-07-03,6509.58,84.99,241.74,0.206315,138.46,0.48522299999999996
2018-07-04,6590.06,85.4,245.29,0.209735,138.4,0.490043
2018-07-05,6534.81,83.3,242.18,0.202978,138.75,0.481625
2018-07-06,6602.02,83.08,242.48,0.20638099999999998,134.04,0.4791510000000001
2018-07-07,6758.08,84.88,246.54,0.20845,135.61,0.4924770000000001
2018-07-08,6707.38,82.22,243.2,0.209783,138.12,0.477749
2018-07-09,6668.84,80.47,231.21,0.207929,135.73,0.47426999999999997
2018-07-10,6306.85,75.94,221.32,0.191889,121.48,0.445042
2018-07-11,6394.36,78.3,218.93,0.189504,125.39,0.450233
2018-07-12,6253.6,76.99,212.8,0.185719,120.24,0.43536400000000003
2018-07-13,6229.83,76.62,217.9,0.204272,122.53,0.438741
2018-07-14,6268.75,76.27,223.37,0.207877,123.22,0.439271
2018-07-15,6364.26,78.63,232.17,0.219871,123.96,0.44589399999999996
2018-07-16,6740.55,83.67,247.19,0.2379280000000001,135.27,0.483401
2018-07-17,7326.7,89.05,260.42,0.252967,144.07,0.505587
2018-07-18,7383.39,86.32,265.88,0.2984,139.77,0.486389
2018-07-19,7477.5,86.2,261.06,0.30251300000000003,139.53,0.476433
2018-07-20,7333.93,81.82,243.09,0.271492,130.17,0.44699399999999995
2018-07-21,7405.4,83.61,255.26,0.292259,132.13,0.45541000000000004
2018-07-22,7398.64,82.3,251.08,0.283534,128.72,0.44931099999999996
2018-07-23,7718.0,81.25,237.47,0.284384,133.57,0.445276
2018-07-24,8395.82,89.16,252.02,0.301456,147.4,0.45762299999999995
2018-07-25,8170.23,86.34,245.18,0.331706,142.74,0.459829
2018-07-26,7937.25,83.54,242.23,0.309552,136.81,0.44992
2018-07-27,8182.89,84.45,244.08,0.316882,140.06,0.453635
2018-07-28,8230.87,84.02,240.63,0.315229,139.4,0.453667
2018-07-29,8216.78,83.95,239.16,0.308399,135.36,0.45330600000000004
2018-07-30,8176.06,82.19,235.53,0.295923,131.8,0.446107
2018-07-31,7735.3,78.84,217.38,0.278009,122.32,0.435225
2018-08-01,7610.9,77.64,218.77,0.27626799999999996,128.15,0.445852
2018-08-02,7542.34,76.2,210.35,0.261192,122.79,0.43025399999999997
2018-08-03,7417.6,77.59,210.75,0.258956,120.02,0.440571
2018-08-04,7017.89,73.02,202.59,0.24072399999999997,113.99,0.42850699999999997
2018-08-05,7042.39,74.65,206.45,0.244218,117.27,0.433638
2018-08-06,6945.78,73.58,199.2,0.23470500000000002,113.55,0.41408100000000003
2018-08-07,6723.21,67.33,186.88,0.230672,108.04,0.381006
2018-08-08,6285.02,62.22,173.32,0.201351,94.53,0.331944
2018-08-09,6543.24,63.01,183.84,0.221435,100.53,0.346771
2018-08-10,6153.41,59.14,168.56,0.22543000000000002,91.72,0.32042600000000004
2018-08-11,6242.54,57.91,164.96,0.217665,93.62,0.301262
2018-08-12,6322.92,59.37,168.49,0.22360100000000002,93.21,0.29786999999999997
2018-08-13,6263.2,56.47,144.17,0.223559,88.24,0.277466
2018-08-14,6199.6,54.37,138.22,0.21670599999999998,84.18,0.27427199999999996
2018-08-15,6274.22,54.41,153.58,0.216954,89.55,0.282005
2018-08-16,6323.81,55.39,150.32,0.21603200000000009,91.08,0.29243600000000003
2018-08-17,6591.16,61.79,167.09,0.23811999999999997,99.2,0.366676
2018-08-18,6405.71,57.24,151.99,0.224235,98.17,0.3271
2018-08-19,6502.18,57.82,154.95,0.222723,98.42,0.343978
2018-08-20,6269.9,53.4,141.39,0.216457,93.37,0.319283
2018-08-21,6491.11,56.4,141.54,0.21470799999999998,94.92,0.335177
2018-08-22,6366.13,55.18,136.67,0.206896,90.08,0.319803
2018-08-23,6538.95,57.28,140.32,0.222162,90.06,0.32770900000000003
2018-08-24,6708.96,57.92,145.09,0.219806,93.76,0.327606
2018-08-25,6749.56,57.94,144.56,0.217795,92.54,0.32823
2018-08-26,6720.6,57.08,141.72,0.21484,95.3,0.323776
2018-08-27,6915.73,60.69,183.62,0.225437,104.53,0.336903
2018-08-28,7091.38,63.16,193.89,0.23474499999999998,107.52,0.351837
2018-08-29,7052.0,61.54,186.88,0.22621100000000002,103.55,0.344803
2018-08-30,6998.76,60.23,184.67,0.220902,102.81,0.335444
2018-08-31,7026.96,62.13,194.25,0.22207600000000002,116.66,0.335332
2018-09-01,7203.46,66.47,222.37,0.22972199999999998,120.97,0.347721
2018-09-02,7301.26,66.22,212.86,0.224744,120.5,0.342523
2018-09-03,7270.05,65.38,217.38,0.225325,135.56,0.335961
2018-09-04,7369.86,67.68,217.22,0.23126799999999997,137.95,0.331652
2018-09-05,6705.03,57.73,173.08,0.20743699999999998,115.06,0.28360100000000005
2018-09-06,6515.42,57.49,181.09,0.207484,117.49,0.30271
2018-09-07,6411.78,55.55,186.62,0.20766199999999999,111.88,0.291435
2018-09-08,6200.16,53.14,186.48,0.194437,104.33,0.279333
2018-09-09,6249.07,54.72,193.2,0.192781,106.22,0.27868000000000004
2018-09-10,6324.43,54.34,201.93,0.190839,105.64,0.270321
2018-09-11,6295.54,52.0,187.6,0.201071,105.64,0.26371
2018-09-12,6337.11,51.63,185.57,0.198293,104.32,0.27008699999999997
2018-09-13,6492.0,54.55,192.13,0.207806,112.03,0.28058299999999997
2018-09-14,6486.01,56.28,190.85,0.201743,116.97,0.277159
2018-09-15,6522.08,56.36,191.26,0.203202,119.4,0.282008
2018-09-16,6502.44,56.79,191.74,0.20651,117.04,0.28116599999999997
2018-09-17,6261.48,52.09,183.26,0.196827,107.19,0.272251
2018-09-18,6346.44,54.0,190.81,0.20841700000000002,112.45,0.32186
2018-09-19,6398.8,54.31,191.22,0.20656300000000002,109.51,0.32605300000000004
2018-09-20,6505.9,56.59,199.77,0.231897,116.28,0.44991800000000004
2018-09-21,6762.06,60.87,209.7,0.24921100000000002,123.74,0.561462
2018-09-22,6716.6,60.6,204.79,0.239225,122.22,0.5707979999999999
2018-09-23,6702.7,61.36,204.96,0.281478,122.5,0.570689
2018-09-24,6583.53,57.95,197.82,0.259048,115.48,0.494712
2018-09-25,6437.74,57.54,189.69,0.252306,116.4,0.526941
2018-09-26,6462.6,57.23,183.91,0.244767,115.59,0.516308
2018-09-27,6686.13,63.22,195.06,0.259216,119.25,0.541381
2018-09-28,6635.38,61.84,187.65,0.254127,117.06,0.539112
2018-09-29,6603.75,61.54,188.61,0.25390799999999997,114.86,0.571228
2018-09-30,6623.71,61.1,187.72,0.25959899999999997,116.26,0.581572
2018-10-01,6594.98,60.28,187.46,0.258404,114.52,0.576461
2018-10-02,6525.47,59.34,182.12,0.248286,116.83,0.520837
2018-10-03,6492.26,57.36,178.38,0.24113600000000002,114.69,0.528162
2018-10-04,6579.79,58.14,181.5,0.24427800000000002,114.53,0.526606
2018-10-05,6632.87,58.75,183.19,0.24519200000000002,114.88,0.519026
2018-10-06,6589.94,57.82,180.93,0.239771,115.07,0.48808199999999996
2018-10-07,6601.15,58.09,181.18,0.24513800000000002,113.72,0.4820390000000001
2018-10-08,6650.07,59.44,182.99,0.249009,114.28,0.4897510000000001
2018-10-09,6631.79,58.68,181.22,0.24391500000000002,113.67,0.479857
2018-10-10,6581.07,57.82,179.83,0.24159299999999997,113.46,0.462387
2018-10-11,6209.47,50.81,157.06,0.207037,100.38,0.38313
2018-10-12,6250.85,53.3,159.21,0.21603200000000009,100.71,0.41911499999999996
2018-10-13,6267.27,53.42,163.22,0.21481,102.14,0.418878
2018-10-14,6277.73,51.94,159.22,0.210144,100.91,0.40328600000000003
2018-10-15,6612.36,54.68,168.07,0.2230010000000001,107.11,0.447316
2018-10-16,6583.05,53.9,165.73,0.22797800000000001,107.39,0.470253
2018-10-17,6574.52,53.67,163.03,0.2404030000000001,105.36,0.46819700000000003
2018-10-18,6488.72,52.35,156.83,0.239452,102.91,0.457725
2018-10-19,6469.28,52.81,154.7,0.242853,103.72,0.45417799999999997
2018-10-20,6490.56,53.31,157.13,0.244182,103.78,0.45915100000000003
2018-10-21,6509.87,52.76,157.09,0.24172399999999997,105.1,0.4566939999999999
2018-10-22,6483.23,52.12,153.66,0.24236100000000002,105.46,0.45310900000000004
2018-10-23,6470.22,52.6,155.91,0.242215,108.44,0.46205799999999997
2018-10-24,6476.25,52.27,157.46,0.23776,106.95,0.457237
2018-10-25,6462.77,52.17,157.12,0.235646,106.32,0.4580520000000001
2018-10-26,6457.21,52.05,157.32,0.23401100000000002,105.02,0.45928800000000003
2018-10-27,6470.17,51.9,155.09,0.22876,103.9,0.456348
2018-10-28,6470.74,51.79,157.42,0.232871,104.98,0.46240600000000004
2018-10-29,6313.91,48.71,151.12,0.22235700000000005,101.49,0.441514
2018-10-30,6309.11,49.04,154.04,0.225093,102.55,0.444759
2018-10-31,6342.61,49.68,153.66,0.223471,103.83,0.44838199999999995
2018-11-01,6381.3,50.33,154.92,0.22294499999999998,103.88,0.455722
2018-11-02,6394.66,51.41,155.55,0.234244,105.78,0.458685
2018-11-03,6376.32,50.82,156.4,0.235706,106.87,0.455667
2018-11-04,6467.05,54.23,166.01,0.24163800000000002,111.8,0.46269099999999996
2018-11-05,6433.74,53.64,164.95,0.246529,111.34,0.49741199999999997
2018-11-06,6479.72,56.03,170.97,0.265596,112.89,0.54908
2018-11-07,6529.68,54.06,167.52,0.256718,111.51,0.5357069999999999
2018-11-08,6446.06,52.28,165.54,0.25604299999999997,108.43,0.493508
2018-11-09,6377.99,51.89,160.35,0.255542,106.89,0.500668
2018-11-10,6396.37,52.18,161.97,0.26123,105.25,0.506698
2018-11-11,6408.18,51.12,161.12,0.27360500000000004,106.38,0.5059130000000001
2018-11-12,6375.08,50.68,164.92,0.267326,105.14,0.517165
2018-11-13,6339.17,49.42,163.9,0.257787,105.11,0.510112
2018-11-14,5741.47,43.38,146.66,0.23304299999999997,90.76,0.474372
2018-11-15,5647.5,43.96,140.74,0.241944,88.67,0.48170799999999997
2018-11-16,5586.27,42.28,139.25,0.23885,87.06,0.471609
2018-11-17,5568.94,41.83,135.22,0.244927,88.0,0.491654
2018-11-18,5615.26,42.13,133.69,0.24975799999999998,89.39,0.510473
2018-11-19,4809.62,36.27,110.6,0.224412,72.49,0.478166
2018-11-20,4441.81,32.85,107.06,0.193193,66.49,0.434726
2018-11-21,4593.04,34.59,115.65,0.203688,68.94,0.447651
2018-11-22,4320.68,31.56,101.88,0.187797,65.86,0.42608
2018-11-23,4343.42,32.05,100.65,0.18121099999999998,66.63,0.407428
2018-11-24,3854.11,29.0,93.08,0.154205,58.36,0.375336
2018-11-25,4004.15,30.84,92.65,0.159607,58.05,0.374551
2018-11-26,3784.59,29.5,90.76,0.144795,53.22,0.355451
2018-11-27,3822.99,31.13,90.83,0.144374,57.13,0.360163
2018-11-28,4263.55,34.63,100.2,0.162237,63.52,0.39055700000000004
2018-11-29,4286.69,33.68,97.68,0.16508,61.2,0.379562
2018-11-30,4009.67,31.85,92.63,0.15863,57.79,0.362455
2018-12-01,4197.46,34.12,96.11,0.16633199999999998,59.65,0.372906
2018-12-02,4143.86,33.58,93.52,0.160301,59.1,0.367627
2018-12-03,3871.41,30.7,84.87,0.149536,54.84,0.348754
2018-12-04,3948.44,30.95,85.72,0.147653,56.98,0.352231
2018-12-05,3737.53,28.92,78.2,0.135936,51.67,0.338242
2018-12-06,3485.18,26.53,64.79,0.119594,46.53,0.310936
2018-12-07,3420.57,25.0,68.47,0.115263,46.46,0.30199699999999996
2018-12-08,3461.07,24.5,68.73,0.118993,45.57,0.307269
2018-12-09,3592.84,25.6,76.73,0.124328,47.75,0.31337
2018-12-10,3467.16,24.28,68.43,0.118253,44.6,0.303766
2018-12-11,3401.02,23.43,63.87,0.11283499999999999,42.74,0.301345
2018-12-12,3485.59,24.36,65.51,0.11369000000000001,43.94,0.307323
2018-12-13,3305.11,23.1,61.16,0.1058,40.96,0.300026
2018-12-14,3235.48,23.36,59.26,0.09774,39.28,0.28879
2018-12-15,3232.51,23.71,63.12,0.095439,38.85,0.285883
2018-12-16,3255.37,25.65,63.87,0.096278,39.34,0.287929
2018-12-17,3548.19,29.31,72.68,0.10969300000000001,43.82,0.328453
2018-12-18,3715.85,30.44,74.97,0.11433,46.58,0.350162
2018-12-19,3736.54,29.39,74.46,0.114245,46.31,0.351956
2018-12-20,4137.66,32.83,99.11,0.12655,55.08,0.37819899999999995
2018-12-21,3898.81,30.54,86.45,0.11991600000000001,51.82,0.35857
2018-12-22,4045.24,32.13,89.42,0.12275,51.73,0.362308
2018-12-23,4007.63,33.5,91.96,0.126585,52.76,0.37127
2018-12-24,4081.95,33.28,92.62,0.13252,56.34,0.40679899999999997
2018-12-25,3834.73,31.12,85.32,0.121682,50.59,0.380872
2018-12-26,3848.78,30.89,85.57,0.12060699999999999,49.37,0.378693
2018-12-27,3646.09,28.05,76.97,0.11048599999999999,44.47,0.34116199999999997
2018-12-28,3947.86,32.66,85.53,0.12138299999999999,49.77,0.376852
2018-12-29,3797.06,31.05,80.37,0.11803599999999999,48.11,0.367252
2018-12-30,3896.21,32.02,83.45,0.11742999999999999,48.36,0.369581
2018-12-31,3747.39,30.13,79.9,0.11281300000000001,46.23,0.352706
2019-01-01,3880.15,32.12,82.74,0.11592999999999999,48.37,0.364771
2019-01-02,3961.01,33.4,86.53,0.11933099999999999,52.25,0.375243
2019-01-03,3835.86,32.03,81.84,0.113825,49.82,0.360224
2019-01-04,3874.06,32.44,82.19,0.11536099999999999,50.63,0.356747
2019-01-05,3855.39,34.94,81.48,0.11404600000000001,49.93,0.355275
2019-01-06,4102.85,39.45,87.0,0.12038399999999999,54.88,0.368395
2019-01-07,4050.4,37.98,84.6,0.12322000000000001,52.83,0.364347
2019-01-08,4040.75,39.56,82.42,0.123119,53.16,0.365315
2019-01-09,4048.34,38.92,86.49,0.123774,52.71,0.37089
2019-01-10,3668.15,33.55,74.12,0.10987899999999999,45.5,0.332652
2019-01-11,3669.2,32.0,73.57,0.107332,45.8,0.332904
2019-01-12,3664.38,32.26,73.67,0.10676400000000001,45.01,0.3288
2019-01-13,3551.24,30.11,70.17,0.10360899999999999,43.11,0.317863
2019-01-14,3703.9,32.36,73.1,0.109649,45.91,0.333766
2019-01-15,3621.24,31.27,70.7,0.10568499999999999,44.95,0.327179
2019-01-16,3643.99,31.63,71.67,0.10689100000000001,46.18,0.329701
2019-01-17,3685.3,31.83,72.74,0.10846099999999999,45.65,0.329353
2019-01-18,3648.05,31.13,71.39,0.106821,45.13,0.324277
2019-01-19,3729.78,32.57,74.09,0.108304,46.22,0.33100100000000005
2019-01-20,3567.73,30.76,69.26,0.104702,44.11,0.321177
2019-01-21,3571.92,31.04,69.84,0.10338,44.58,0.32079
2019-01-22,3602.04,31.8,72.08,0.104103,45.92,0.31949099999999997
2019-01-23,3572.05,31.89,71.68,0.102576,44.88,0.316492
2019-01-24,3598.52,32.83,74.02,0.10221000000000001,45.78,0.317598
2019-01-25,3582.89,32.91,73.8,0.101741,46.89,0.31716500000000003
2019-01-26,3596.5,32.98,74.37,0.10001399999999999,45.73,0.314235
2019-01-27,3565.08,32.34,71.39,0.096316,46.58,0.30943899999999996
2019-01-28,3453.42,31.16,68.06,0.087904,43.59,0.294863
2019-01-29,3418.25,31.01,68.14,0.083923,43.71,0.289558
2019-01-30,3467.21,31.83,69.48,0.085634,44.26,0.320461
2019-01-31,3434.13,31.52,67.98,0.082631,43.66,0.31003600000000003
2019-02-01,3461.63,32.73,67.71,0.08358,43.72,0.308517
2019-02-02,3508.68,34.54,68.28,0.08309,43.39,0.31091199999999997
2019-02-03,3449.62,33.26,66.74,0.081347,42.9,0.302352
2019-02-04,3431.24,33.97,67.29,0.07973,42.8,0.300198
2019-02-05,3447.66,34.27,68.78,0.077882,43.34,0.299239
2019-02-06,3394.89,32.81,66.23,0.074387,43.14,0.290727
2019-02-07,3375.33,33.18,67.88,0.074688,43.21,0.291618
2019-02-08,3660.03,43.13,74.78,0.081224,48.12,0.311683
2019-02-09,3652.26,44.61,74.76,0.080808,48.56,0.311284
2019-02-10,3685.14,46.86,76.19,0.08039299999999999,49.83,0.309909
2019-02-11,3611.34,42.85,80.58,0.07759500000000001,48.27,0.302741
2019-02-12,3617.41,43.93,83.52,0.07761599999999999,49.05,0.30519
2019-02-13,3605.87,41.69,81.05,0.07699,49.33,0.304284
2019-02-14,3588.72,41.39,78.51,0.07663500000000001,46.86,0.30190900000000004
2019-02-15,3593.49,42.69,79.53,0.079276,47.44,0.301759
2019-02-16,3617.24,43.56,79.9,0.078421,46.92,0.301703
2019-02-17,3670.92,44.06,80.45,0.079608,48.07,0.30337
2019-02-18,3912.57,47.88,87.4,0.083691,51.69,0.32156799999999996
2019-02-19,3924.24,47.35,88.32,0.089982,52.33,0.323768
2019-02-20,3974.05,51.68,88.0,0.091735,52.11,0.33288
2019-02-21,3937.04,48.99,85.5,0.089091,50.44,0.321291
2019-02-22,3983.53,49.64,87.51,0.090668,52.64,0.321904
